Tm,#Bat,#Fld,#P,2B,3B,A,AB,BA,BB9,BB_x,BB_y,BF,BK,BatAge,CG_x,CG_y,CS,Ch,DP,DefEff,E,ER,ERA,ERA+,FIP,Fld%,G,GDP,GF,GS_x,GS_y,G_x,G_y,H9,HBP_x,HBP_y,HR9,HR_x,HR_y,H_x,H_y,IBB_x,IBB_y,IP,Inn,L,LOB_x,LOB_y,OBP,OPS,OPS+,PA,PAge,PO,R/G,RA/G_x,RA/G_y,RBI,R_x,R_y,Rdrs,Rdrs/yr,Rgood,Rtot,Rtot/yr,SB,SF,SH,SLG,SO/W,SO9,SO_x,SO_y,SV,TB,W,W-L%,WHIP,WP,cSho,tSho,playoffs
Arizona Diamondbacks,49.0,49.0,30.0,259.0,50.0,1686.0,5460.0,0.235,3.2,560.0,522.0,6139.0,5.0,29.2,1119.0,2.0,25.0,6150.0,152.0,0.698,75.0,605.0,3.72,113.0,3.91,0.988,162.0,110.0,160.0,1458.0,162.0,162.0,162.0,8.1,52.0,57.0,1.1,176.0,174.0,1283.0,1313.0,36.0,43.0,1463.0,13167.0,80.0,1086.0,1106.0,0.31,0.707,86.0,6157.0,29.6,4389.0,4.28,3.98,3.98,658.0,693.0,644.0,125.0,7.0,14.0,28.0,3.0,79.0,45.0,38.0,0.397,2.77,8.9,1460.0,1448.0,39.0,2170.0,82.0,0.506,1.254,69.0,1.0,9.0,No
Atlanta Braves,58.0,57.0,35.0,314.0,29.0,1439.0,5582.0,0.257,3.9,511.0,635.0,6155.0,8.0,27.3,1166.0,2.0,36.0,5889.0,134.0,0.709,80.0,607.0,3.75,110.0,3.98,0.986,162.0,99.0,160.0,1458.0,162.0,162.0,162.0,7.6,66.0,52.0,0.9,175.0,153.0,1433.0,1236.0,53.0,43.0,1456.2,13110.0,72.0,1143.0,1128.0,0.324,0.742,98.0,6251.0,27.7,4370.0,4.69,4.06,4.06,717.0,759.0,657.0,55.0,2.0,-1.0,42.0,4.0,90.0,43.0,49.0,0.417,2.24,8.8,1290.0,1423.0,40.0,2330.0,90.0,0.556,1.284,61.0,1.0,11.0,Yes
Baltimore Orioles,56.0,56.0,30.0,242.0,15.0,1537.0,5507.0,0.239,3.7,422.0,589.0,6340.0,8.0,28.4,1112.0,2.0,22.0,5934.0,159.0,0.674,104.0,824.0,5.18,83.0,4.98,0.982,162.0,132.0,160.0,1458.0,162.0,162.0,162.0,9.8,57.0,67.0,1.5,188.0,234.0,1317.0,1552.0,19.0,29.0,1431.0,12879.0,115.0,1027.0,1155.0,0.298,0.689,89.0,6034.0,27.1,4293.0,3.84,5.51,5.51,593.0,622.0,892.0,-42.0,-2.0,-6.0,-47.0,-4.0,81.0,35.0,13.0,0.391,2.04,7.6,1412.0,1203.0,28.0,2153.0,47.0,0.29,1.496,81.0,0.0,7.0,No
Boston Red Sox,44.0,43.0,23.0,355.0,31.0,1366.0,5623.0,0.268,3.2,569.0,512.0,6166.0,3.0,27.7,1127.0,2.0,31.0,5819.0,106.0,0.693,77.0,608.0,3.75,118.0,3.82,0.987,162.0,130.0,160.0,1458.0,162.0,162.0,162.0,8.1,55.0,84.0,1.1,208.0,176.0,1509.0,1305.0,38.0,8.0,1458.2,13128.0,54.0,1124.0,1143.0,0.339,0.792,112.0,6302.0,28.9,4376.0,5.41,3.99,3.99,829.0,876.0,647.0,15.0,0.0,-7.0,29.0,3.0,125.0,48.0,7.0,0.453,3.04,9.6,1253.0,1558.0,46.0,2550.0,108.0,0.667,1.246,51.0,0.0,14.0,Yes
Chicago Cubs,50.0,50.0,35.0,286.0,34.0,1675.0,5624.0,0.258,3.8,576.0,622.0,6264.0,3.0,27.2,933.0,1.0,38.0,6208.0,155.0,0.7,104.0,598.0,3.65,115.0,4.13,0.983,163.0,107.0,162.0,1467.0,163.0,163.0,163.0,8.0,78.0,66.0,1.0,167.0,157.0,1453.0,1319.0,67.0,33.0,1476.1,13287.0,68.0,1224.0,1190.0,0.333,0.744,97.0,6369.0,30.2,4429.0,4.67,3.96,3.96,722.0,761.0,645.0,84.0,5.0,7.0,76.0,7.0,66.0,46.0,40.0,0.41,2.14,8.1,1388.0,1333.0,46.0,2308.0,95.0,0.583,1.315,46.0,0.0,18.0,Yes
Chicago White Sox,51.0,51.0,31.0,259.0,40.0,1431.0,5523.0,0.241,4.1,425.0,653.0,6339.0,9.0,26.5,1156.0,0.0,41.0,5856.0,135.0,0.69,114.0,771.0,4.83,88.0,4.73,0.981,162.0,99.0,162.0,1458.0,162.0,162.0,162.0,8.8,66.0,89.0,1.2,182.0,196.0,1332.0,1404.0,18.0,25.0,1437.0,12933.0,100.0,1050.0,1180.0,0.302,0.703,93.0,6071.0,27.6,4311.0,4.05,5.23,5.23,639.0,656.0,848.0,-41.0,-4.0,-6.0,-49.0,-5.0,98.0,32.0,24.0,0.401,1.93,7.9,1594.0,1259.0,34.0,2217.0,62.0,0.383,1.431,94.0,0.0,8.0,No
Cincinnati Reds,53.0,53.0,32.0,251.0,25.0,1608.0,5532.0,0.254,3.3,559.0,532.0,6279.0,8.0,27.2,1084.0,1.0,33.0,6026.0,144.0,0.685,95.0,741.0,4.63,90.0,4.66,0.984,162.0,128.0,161.0,1458.0,162.0,162.0,162.0,9.3,65.0,50.0,1.4,172.0,228.0,1404.0,1491.0,35.0,60.0,1441.0,12969.0,95.0,1179.0,1137.0,0.328,0.729,95.0,6240.0,27.1,4323.0,4.3,5.06,5.06,665.0,696.0,819.0,-16.0,0.0,1.0,-29.0,-3.0,77.0,35.0,49.0,0.401,2.36,7.9,1376.0,1258.0,38.0,2221.0,67.0,0.414,1.404,48.0,0.0,6.0,No
Cleveland Indians,49.0,48.0,27.0,297.0,19.0,1353.0,5595.0,0.259,2.5,554.0,407.0,6071.0,2.0,29.4,1064.0,5.0,36.0,5808.0,123.0,0.688,83.0,611.0,3.77,115.0,3.78,0.986,162.0,98.0,157.0,1458.0,162.0,162.0,162.0,8.3,80.0,59.0,1.2,216.0,200.0,1447.0,1349.0,32.0,29.0,1457.1,13116.0,71.0,1147.0,1051.0,0.332,0.766,106.0,6300.0,29.4,4372.0,5.05,4.0,4.0,786.0,818.0,648.0,2.0,0.0,1.0,-13.0,-1.0,135.0,44.0,25.0,0.434,3.79,9.5,1189.0,1544.0,41.0,2430.0,91.0,0.562,1.205,54.0,2.0,17.0,Yes
Colorado Rockies,41.0,41.0,21.0,280.0,42.0,1624.0,5541.0,0.256,3.3,507.0,525.0,6154.0,8.0,28.7,1140.0,0.0,33.0,6055.0,162.0,0.688,74.0,699.0,4.33,109.0,4.06,0.988,163.0,114.0,163.0,1467.0,163.0,163.0,163.0,8.5,51.0,52.0,1.1,210.0,184.0,1418.0,1377.0,38.0,24.0,1452.1,13071.0,72.0,1067.0,1052.0,0.322,0.757,90.0,6178.0,27.9,4357.0,4.79,4.57,4.57,748.0,780.0,745.0,39.0,1.0,3.0,36.0,3.0,95.0,37.0,42.0,0.435,2.68,8.7,1397.0,1409.0,51.0,2412.0,91.0,0.558,1.31,70.0,0.0,10.0,Yes
Detroit Tigers,49.0,49.0,27.0,284.0,35.0,1428.0,5494.0,0.241,3.1,428.0,491.0,6130.0,4.0,27.9,1205.0,0.0,30.0,5799.0,126.0,0.694,95.0,726.0,4.58,98.0,4.58,0.984,162.0,110.0,162.0,1458.0,162.0,162.0,162.0,9.0,52.0,60.0,1.4,135.0,216.0,1326.0,1423.0,18.0,20.0,1425.1,12828.0,98.0,1071.0,1058.0,0.3,0.68,83.0,6029.0,28.6,4276.0,3.89,4.91,4.91,597.0,630.0,796.0,-21.0,-5.0,-14.0,1.0,0.0,70.0,40.0,15.0,0.38,2.47,7.7,1341.0,1215.0,37.0,2085.0,64.0,0.395,1.343,54.0,0.0,2.0,No
Houston Astros,41.0,41.0,22.0,278.0,18.0,1369.0,5453.0,0.255,2.7,565.0,435.0,5913.0,4.0,28.2,1014.0,3.0,26.0,5797.0,116.0,0.705,63.0,503.0,3.11,134.0,3.23,0.989,162.0,156.0,159.0,1458.0,162.0,162.0,162.0,7.2,61.0,66.0,0.9,205.0,152.0,1390.0,1164.0,19.0,4.0,1455.0,13095.0,59.0,1052.0,1014.0,0.329,0.754,106.0,6146.0,30.0,4365.0,4.92,3.3,3.3,763.0,797.0,534.0,64.0,3.0,2.0,36.0,3.0,71.0,45.0,14.0,0.425,3.88,10.4,1197.0,1687.0,46.0,2319.0,103.0,0.636,1.099,67.0,2.0,12.0,Yes
Kansas City Royals,49.0,49.0,27.0,283.0,29.0,1529.0,5505.0,0.245,3.5,427.0,549.0,6284.0,4.0,28.6,1234.0,2.0,38.0,5902.0,142.0,0.68,77.0,786.0,4.94,88.0,4.66,0.987,162.0,123.0,160.0,1458.0,162.0,162.0,162.0,9.7,67.0,51.0,1.3,155.0,205.0,1350.0,1542.0,13.0,28.0,1432.0,12888.0,104.0,1063.0,1155.0,0.305,0.697,90.0,6063.0,27.6,4296.0,3.94,5.14,5.14,606.0,638.0,833.0,-32.0,-1.0,-4.0,-22.0,-2.0,117.0,40.0,24.0,0.392,2.11,7.3,1310.0,1157.0,33.0,2156.0,58.0,0.358,1.46,68.0,0.0,8.0,No
Los Angeles Angels,60.0,60.0,35.0,249.0,23.0,1502.0,5472.0,0.242,3.4,514.0,546.0,6108.0,3.0,29.6,1083.0,1.0,22.0,5890.0,173.0,0.693,76.0,662.0,4.15,102.0,4.36,0.987,162.0,111.0,161.0,1458.0,162.0,162.0,162.0,8.5,73.0,65.0,1.3,214.0,205.0,1323.0,1353.0,38.0,17.0,1437.1,12936.0,82.0,1071.0,1074.0,0.313,0.726,99.0,6108.0,27.5,4312.0,4.45,4.46,4.46,690.0,721.0,722.0,10.0,0.0,1.0,26.0,2.0,89.0,39.0,7.0,0.413,2.54,8.7,1300.0,1386.0,35.0,2260.0,80.0,0.494,1.321,87.0,1.0,9.0,No
Los Angeles Dodgers,52.0,52.0,31.0,296.0,33.0,1435.0,5572.0,0.25,2.6,647.0,422.0,6096.0,10.0,28.1,910.0,0.0,24.0,5963.0,111.0,0.698,100.0,554.0,3.38,115.0,3.6,0.983,163.0,119.0,163.0,1467.0,163.0,163.0,163.0,7.8,61.0,61.0,1.1,235.0,179.0,1394.0,1279.0,47.0,39.0,1476.0,13284.0,71.0,1163.0,1058.0,0.333,0.774,109.0,6358.0,29.2,4428.0,4.93,3.74,3.74,756.0,804.0,610.0,57.0,1.0,6.0,11.0,1.0,75.0,39.0,39.0,0.442,3.71,9.5,1436.0,1565.0,48.0,2461.0,92.0,0.564,1.152,39.0,0.0,11.0,Yes
Miami Marlins,51.0,51.0,29.0,222.0,24.0,1448.0,5488.0,0.237,3.8,455.0,605.0,6236.0,6.0,27.5,980.0,1.0,31.0,5857.0,133.0,0.697,83.0,762.0,4.76,81.0,4.56,0.986,161.0,119.0,160.0,1449.0,161.0,161.0,161.0,8.7,73.0,71.0,1.2,128.0,192.0,1303.0,1388.0,26.0,73.0,1442.0,12978.0,98.0,1123.0,1101.0,0.303,0.659,83.0,6083.0,27.6,4326.0,3.66,5.02,5.02,554.0,589.0,809.0,23.0,0.0,-2.0,2.0,0.0,45.0,31.0,32.0,0.357,2.06,7.8,1384.0,1249.0,30.0,1957.0,63.0,0.391,1.382,47.0,0.0,12.0,No
Milwaukee Brewers,53.0,53.0,30.0,252.0,24.0,1453.0,5542.0,0.252,3.4,537.0,553.0,6114.0,5.0,28.8,959.0,0.0,32.0,5944.0,141.0,0.704,108.0,606.0,3.73,110.0,4.01,0.982,163.0,128.0,163.0,1467.0,163.0,163.0,163.0,7.8,58.0,61.0,1.1,218.0,173.0,1398.0,1259.0,32.0,34.0,1461.0,13149.0,67.0,1106.0,1072.0,0.323,0.747,99.0,6210.0,28.8,4383.0,4.63,4.04,4.04,711.0,754.0,659.0,123.0,5.0,0.0,57.0,5.0,124.0,41.0,29.0,0.424,2.58,8.8,1458.0,1428.0,49.0,2352.0,96.0,0.589,1.24,50.0,0.0,14.0,Yes
Minnesota Twins,54.0,54.0,36.0,317.0,22.0,1454.0,5526.0,0.25,3.6,534.0,573.0,6287.0,0.0,28.2,1137.0,2.0,27.0,5881.0,127.0,0.682,97.0,721.0,4.5,96.0,4.39,0.984,162.0,89.0,160.0,1458.0,162.0,162.0,162.0,8.9,37.0,80.0,1.2,166.0,198.0,1379.0,1425.0,25.0,34.0,1443.1,12990.0,84.0,1087.0,1182.0,0.318,0.723,96.0,6154.0,28.5,4330.0,4.56,4.78,4.78,704.0,738.0,775.0,7.0,-3.0,-2.0,-29.0,-3.0,47.0,38.0,19.0,0.405,2.4,8.6,1328.0,1377.0,37.0,2238.0,78.0,0.481,1.384,59.0,1.0,7.0,No
New York Mets,56.0,56.0,30.0,265.0,34.0,1406.0,5468.0,0.234,3.0,566.0,484.0,6178.0,2.0,28.3,1136.0,3.0,39.0,5876.0,121.0,0.691,88.0,661.0,4.07,92.0,3.97,0.985,162.0,116.0,159.0,1458.0,162.0,162.0,162.0,8.4,73.0,71.0,1.1,170.0,185.0,1282.0,1364.0,36.0,32.0,1460.2,13146.0,85.0,1104.0,1089.0,0.312,0.701,96.0,6177.0,28.0,4382.0,4.17,4.36,4.36,649.0,676.0,707.0,-31.0,0.0,2.0,-42.0,-4.0,71.0,42.0,28.0,0.389,2.99,8.9,1404.0,1446.0,41.0,2125.0,77.0,0.475,1.265,26.0,1.0,15.0,No
New York Yankees,49.0,49.0,27.0,269.0,23.0,1344.0,5515.0,0.249,3.1,625.0,494.0,6141.0,4.0,27.2,1155.0,2.0,21.0,5807.0,95.0,0.684,94.0,611.0,3.78,112.0,3.63,0.984,162.0,107.0,160.0,1458.0,162.0,162.0,162.0,8.1,62.0,58.0,1.1,267.0,177.0,1374.0,1311.0,21.0,9.0,1456.1,13107.0,62.0,1100.0,1103.0,0.329,0.781,112.0,6271.0,28.8,4369.0,5.25,4.13,4.13,821.0,851.0,669.0,26.0,0.0,-8.0,-54.0,-5.0,63.0,59.0,10.0,0.451,3.31,10.1,1421.0,1634.0,49.0,2490.0,100.0,0.617,1.239,73.0,2.0,11.0,Yes
Oakland Athletics,53.0,53.0,34.0,322.0,20.0,1594.0,5579.0,0.252,2.9,550.0,474.0,6099.0,2.0,28.0,1116.0,2.0,21.0,6080.0,125.0,0.717,89.0,621.0,3.81,109.0,4.18,0.985,162.0,136.0,160.0,1458.0,162.0,162.0,162.0,8.0,76.0,53.0,1.1,227.0,184.0,1407.0,1303.0,18.0,19.0,1465.2,13191.0,65.0,1085.0,1028.0,0.325,0.764,110.0,6255.0,29.2,4397.0,5.02,4.16,4.16,778.0,813.0,674.0,6.0,0.0,0.0,49.0,4.0,35.0,44.0,6.0,0.439,2.61,7.6,1381.0,1237.0,44.0,2450.0,97.0,0.599,1.212,86.0,2.0,14.0,Yes
Philadelphia Phillies,48.0,48.0,31.0,241.0,30.0,1478.0,5424.0,0.234,3.1,582.0,500.0,6138.0,7.0,26.7,1092.0,0.0,26.0,5938.0,138.0,0.677,123.0,665.0,4.14,100.0,3.83,0.979,162.0,102.0,162.0,1458.0,162.0,162.0,162.0,8.5,64.0,60.0,1.1,186.0,171.0,1270.0,1366.0,33.0,35.0,1445.2,13011.0,82.0,1120.0,1073.0,0.314,0.707,89.0,6136.0,26.8,4337.0,4.18,4.49,4.49,653.0,677.0,728.0,-82.0,-4.0,-10.0,-55.0,-5.0,69.0,32.0,32.0,0.393,2.93,9.1,1520.0,1465.0,44.0,2129.0,80.0,0.494,1.291,81.0,0.0,12.0,No
Pittsburgh Pirates,48.0,47.0,24.0,290.0,38.0,1478.0,5447.0,0.254,3.1,474.0,497.0,6144.0,6.0,27.8,1136.0,3.0,38.0,5885.0,129.0,0.686,105.0,637.0,4.0,98.0,4.06,0.982,161.0,121.0,158.0,1449.0,161.0,161.0,161.0,8.7,59.0,69.0,1.1,157.0,174.0,1381.0,1380.0,38.0,43.0,1434.0,12906.0,79.0,1071.0,1149.0,0.317,0.725,98.0,6066.0,26.5,4302.0,4.3,4.3,4.3,665.0,692.0,693.0,10.0,0.0,-11.0,-15.0,-1.0,70.0,52.0,31.0,0.407,2.69,8.4,1229.0,1336.0,40.0,2218.0,82.0,0.509,1.309,95.0,2.0,16.0,No
San Diego Padres,49.0,49.0,30.0,250.0,30.0,1539.0,5486.0,0.235,3.2,471.0,519.0,6254.0,4.0,26.8,1092.0,0.0,36.0,6010.0,127.0,0.68,100.0,713.0,4.4,88.0,4.1,0.983,162.0,122.0,162.0,1458.0,162.0,162.0,162.0,8.8,31.0,68.0,1.1,162.0,185.0,1289.0,1430.0,28.0,28.0,1457.0,13113.0,96.0,1028.0,1116.0,0.297,0.677,88.0,6059.0,27.7,4371.0,3.81,4.73,4.73,583.0,617.0,767.0,32.0,1.0,1.0,-35.0,-3.0,95.0,36.0,35.0,0.38,2.7,8.6,1523.0,1399.0,36.0,2085.0,66.0,0.407,1.338,52.0,0.0,5.0,No
Seattle Mariners,53.0,53.0,32.0,256.0,32.0,1486.0,5513.0,0.254,2.5,430.0,400.0,6073.0,3.0,29.8,1099.0,3.0,37.0,5920.0,152.0,0.691,88.0,664.0,4.13,99.0,4.05,0.985,162.0,128.0,159.0,1458.0,162.0,162.0,162.0,8.7,70.0,72.0,1.2,176.0,195.0,1402.0,1396.0,17.0,21.0,1448.2,13038.0,73.0,1084.0,1016.0,0.314,0.722,102.0,6087.0,29.0,4346.0,4.18,4.39,4.39,644.0,677.0,711.0,2.0,0.0,-1.0,13.0,1.0,79.0,41.0,29.0,0.408,3.32,8.3,1221.0,1328.0,60.0,2250.0,89.0,0.549,1.24,57.0,1.0,12.0,No
San Francisco Giants,48.0,48.0,27.0,255.0,30.0,1605.0,5541.0,0.239,3.2,448.0,524.0,6191.0,4.0,29.8,1111.0,1.0,34.0,6086.0,160.0,0.692,97.0,641.0,3.95,97.0,3.98,0.984,162.0,113.0,161.0,1458.0,162.0,162.0,162.0,8.5,49.0,45.0,1.0,133.0,156.0,1324.0,1387.0,40.0,37.0,1461.1,13152.0,89.0,1101.0,1108.0,0.3,0.667,85.0,6113.0,28.6,4384.0,3.72,4.31,4.31,573.0,603.0,699.0,-5.0,-1.0,6.0,5.0,0.0,77.0,42.0,33.0,0.368,2.42,7.8,1467.0,1269.0,36.0,2038.0,73.0,0.451,1.308,44.0,1.0,15.0,No
St. Louis Cardinals,49.0,49.0,30.0,248.0,9.0,1540.0,5498.0,0.249,3.7,525.0,593.0,6271.0,4.0,28.0,1031.0,1.0,32.0,6039.0,151.0,0.685,133.0,622.0,3.85,101.0,3.97,0.978,162.0,92.0,161.0,1458.0,162.0,162.0,162.0,8.4,80.0,67.0,0.9,205.0,144.0,1369.0,1354.0,40.0,49.0,1455.1,13098.0,74.0,1101.0,1214.0,0.321,0.73,99.0,6200.0,26.7,4366.0,4.69,4.27,4.27,725.0,759.0,691.0,-2.0,-2.0,0.0,-16.0,-1.0,63.0,48.0,46.0,0.409,2.25,8.3,1380.0,1337.0,43.0,2250.0,88.0,0.543,1.338,63.0,1.0,8.0,No
Tampa Bay Rays,54.0,54.0,31.0,274.0,43.0,1483.0,5475.0,0.258,3.1,540.0,501.0,5992.0,6.0,27.1,1101.0,0.0,51.0,5913.0,136.0,0.708,85.0,602.0,3.74,110.0,3.82,0.986,162.0,122.0,162.0,1458.0,162.0,162.0,162.0,7.7,101.0,53.0,1.0,150.0,164.0,1415.0,1236.0,17.0,34.0,1448.1,13035.0,72.0,1156.0,1001.0,0.333,0.74,105.0,6195.0,27.1,4345.0,4.42,3.99,3.99,664.0,716.0,646.0,46.0,-2.0,-1.0,50.0,5.0,128.0,50.0,28.0,0.406,2.84,8.8,1388.0,1421.0,52.0,2225.0,90.0,0.556,1.199,55.0,0.0,14.0,No
Texas Rangers,50.0,50.0,32.0,266.0,24.0,1558.0,5453.0,0.24,3.1,555.0,491.0,6231.0,8.0,27.4,1149.0,1.0,35.0,5971.0,168.0,0.682,120.0,783.0,4.92,97.0,4.79,0.98,162.0,104.0,161.0,1458.0,162.0,162.0,162.0,9.5,88.0,72.0,1.4,194.0,222.0,1308.0,1516.0,16.0,23.0,1431.0,12879.0,95.0,1093.0,1090.0,0.318,0.722,89.0,6163.0,30.4,4293.0,4.55,5.23,5.23,696.0,737.0,848.0,-41.0,-2.0,-3.0,18.0,2.0,74.0,34.0,33.0,0.404,2.28,7.1,1484.0,1121.0,42.0,2204.0,67.0,0.414,1.403,57.0,0.0,5.0,No
Toronto Blue Jays,63.0,63.0,36.0,320.0,16.0,1447.0,5477.0,0.244,3.5,499.0,551.0,6265.0,5.0,28.9,1116.0,0.0,30.0,5849.0,138.0,0.678,101.0,772.0,4.85,88.0,4.53,0.983,162.0,118.0,162.0,1458.0,162.0,162.0,162.0,9.3,58.0,67.0,1.3,217.0,208.0,1336.0,1476.0,15.0,19.0,1433.2,12903.0,89.0,1036.0,1132.0,0.312,0.739,102.0,6076.0,29.3,4301.0,4.38,5.14,5.14,680.0,709.0,832.0,-54.0,0.0,-3.0,-59.0,-6.0,47.0,37.0,5.0,0.427,2.36,8.1,1387.0,1298.0,39.0,2339.0,73.0,0.451,1.414,71.0,0.0,3.0,No
Washington Nationals,53.0,53.0,31.0,284.0,25.0,1363.0,5517.0,0.254,3.0,631.0,487.0,6087.0,6.0,27.6,1077.0,2.0,33.0,5765.0,115.0,0.703,64.0,649.0,4.04,106.0,4.15,0.989,162.0,104.0,160.0,1458.0,162.0,162.0,162.0,8.2,59.0,76.0,1.2,191.0,198.0,1402.0,1320.0,56.0,37.0,1446.0,13014.0,80.0,1180.0,1067.0,0.335,0.753,98.0,6288.0,30.2,4338.0,4.76,4.21,4.21,737.0,771.0,682.0,2.0,0.0,4.0,-4.0,0.0,119.0,40.0,41.0,0.419,2.91,8.8,1289.0,1417.0,40.0,2309.0,82.0,0.506,1.25,42.0,1.0,7.0,No
Arizona Diamondbacks,45.0,44.0,27.0,288.0,40.0,1561.0,5633.0,0.252,3.2,540.0,516.0,6230.0,4.0,28.7,1005.0,0.0,14.0,6042.0,136.0,0.692,86.0,691.0,4.25,105.0,4.4,0.986,162.0,120.0,162.0,1458.0,162.0,162.0,162.0,8.6,70.0,62.0,1.4,220.0,220.0,1419.0,1400.0,36.0,38.0,1465.0,13185.0,77.0,1119.0,1092.0,0.323,0.757,94.0,6315.0,28.6,4395.0,5.02,4.59,4.59,778.0,813.0,743.0,91.0,3.0,9.0,52.0,5.0,88.0,40.0,31.0,0.434,2.77,8.8,1360.0,1427.0,45.0,2447.0,85.0,0.525,1.308,49.0,0.0,11.0,No
Atlanta Braves,50.0,50.0,32.0,277.0,29.0,1522.0,5560.0,0.258,3.4,619.0,548.0,6243.0,3.0,28.0,1127.0,1.0,28.0,5952.0,154.0,0.685,78.0,675.0,4.19,110.0,4.39,0.987,162.0,104.0,161.0,1458.0,162.0,162.0,162.0,8.8,60.0,69.0,1.3,249.0,203.0,1432.0,1421.0,39.0,33.0,1450.2,13056.0,65.0,1138.0,1148.0,0.336,0.789,98.0,6302.0,27.5,4352.0,5.28,4.59,4.59,824.0,855.0,743.0,22.0,2.0,-2.0,5.0,0.0,89.0,35.0,25.0,0.452,2.54,8.6,1467.0,1393.0,44.0,2514.0,97.0,0.599,1.357,70.0,0.0,8.0,Yes
Baltimore Orioles,58.0,57.0,39.0,252.0,25.0,1442.0,5596.0,0.246,3.5,462.0,561.0,6396.0,6.0,26.5,989.0,0.0,30.0,5879.0,155.0,0.688,108.0,897.0,5.59,84.0,5.56,0.982,162.0,111.0,162.0,1458.0,162.0,162.0,162.0,9.6,71.0,80.0,1.9,213.0,305.0,1379.0,1544.0,8.0,11.0,1443.0,12987.0,108.0,1063.0,1086.0,0.31,0.725,90.0,6189.0,27.3,4329.0,4.5,6.06,6.06,698.0,729.0,981.0,-53.0,-5.0,-9.0,3.0,0.0,84.0,37.0,22.0,0.415,2.22,7.8,1435.0,1248.0,27.0,2320.0,54.0,0.333,1.459,75.0,0.0,5.0,No
Boston Red Sox,47.0,47.0,28.0,345.0,27.0,1436.0,5770.0,0.269,3.7,590.0,605.0,6400.0,6.0,27.3,1106.0,1.0,30.0,5937.0,115.0,0.673,88.0,768.0,4.7,104.0,4.28,0.985,162.0,127.0,161.0,1458.0,162.0,162.0,162.0,8.7,49.0,76.0,1.3,245.0,215.0,1554.0,1423.0,36.0,22.0,1471.0,13239.0,78.0,1170.0,1159.0,0.34,0.806,106.0,6475.0,29.0,4413.0,5.56,5.11,5.11,857.0,901.0,828.0,10.0,0.0,-8.0,-15.0,-1.0,68.0,44.0,20.0,0.466,2.7,10.0,1382.0,1633.0,33.0,2688.0,84.0,0.519,1.379,81.0,1.0,8.0,No
Chicago Cubs,52.0,52.0,33.0,270.0,26.0,1619.0,5461.0,0.252,3.3,581.0,534.0,6190.0,1.0,27.7,969.0,1.0,24.0,6063.0,141.0,0.681,118.0,657.0,4.1,108.0,4.25,0.981,162.0,127.0,161.0,1458.0,162.0,162.0,162.0,8.6,83.0,80.0,1.2,256.0,195.0,1378.0,1376.0,33.0,16.0,1442.0,12978.0,78.0,1071.0,1147.0,0.331,0.783,102.0,6195.0,31.1,4326.0,5.02,4.43,4.43,783.0,814.0,717.0,32.0,1.0,5.0,12.0,1.0,45.0,39.0,30.0,0.452,2.7,9.0,1460.0,1444.0,38.0,2468.0,84.0,0.519,1.325,60.0,1.0,10.0,No
Chicago White Sox,47.0,47.0,27.0,260.0,20.0,1525.0,5529.0,0.261,3.7,378.0,582.0,6159.0,5.0,27.6,1132.0,6.0,28.0,5880.0,171.0,0.678,117.0,769.0,4.9,94.0,4.89,0.98,161.0,114.0,155.0,1449.0,161.0,161.0,161.0,9.2,66.0,51.0,1.5,182.0,238.0,1443.0,1438.0,13.0,30.0,1412.2,12714.0,89.0,1071.0,1089.0,0.314,0.728,93.0,6042.0,27.6,4238.0,4.4,5.17,5.17,676.0,708.0,832.0,-25.0,-2.0,0.0,-21.0,-2.0,63.0,32.0,36.0,0.414,2.25,8.4,1549.0,1312.0,33.0,2289.0,72.0,0.447,1.43,71.0,2.0,7.0,No
Cincinnati Reds,47.0,47.0,26.0,235.0,27.0,1460.0,5450.0,0.244,3.4,492.0,536.0,6057.0,8.0,27.8,972.0,0.0,38.0,5865.0,124.0,0.699,91.0,668.0,4.18,112.0,4.23,0.984,162.0,111.0,162.0,1458.0,162.0,162.0,162.0,7.9,89.0,58.0,1.3,227.0,214.0,1328.0,1270.0,25.0,31.0,1438.0,12942.0,87.0,1073.0,1032.0,0.315,0.736,85.0,6100.0,28.2,4314.0,4.33,4.39,4.39,679.0,701.0,711.0,41.0,0.0,9.0,25.0,2.0,80.0,33.0,30.0,0.422,2.9,9.7,1436.0,1552.0,46.0,2298.0,75.0,0.463,1.256,35.0,0.0,10.0,No
Cleveland Indians,54.0,53.0,30.0,286.0,18.0,1322.0,5425.0,0.25,2.8,563.0,450.0,6008.0,2.0,27.7,1139.0,6.0,35.0,5718.0,110.0,0.695,83.0,601.0,3.76,125.0,4.06,0.985,162.0,110.0,156.0,1458.0,162.0,162.0,162.0,8.2,50.0,62.0,1.3,223.0,207.0,1354.0,1308.0,30.0,19.0,1437.2,12939.0,69.0,1072.0,1038.0,0.323,0.756,95.0,6124.0,28.3,4313.0,4.75,4.06,4.06,731.0,769.0,657.0,67.0,0.0,10.0,49.0,5.0,103.0,46.0,40.0,0.432,3.35,9.4,1332.0,1508.0,42.0,2345.0,93.0,0.574,1.223,42.0,5.0,16.0,No
Colorado Rockies,50.0,50.0,31.0,323.0,41.0,1758.0,5660.0,0.265,3.7,489.0,589.0,6423.0,7.0,28.2,1112.0,1.0,31.0,6201.0,165.0,0.677,97.0,895.0,5.56,93.0,5.23,0.984,162.0,111.0,161.0,1458.0,162.0,162.0,162.0,9.8,43.0,57.0,1.7,224.0,270.0,1502.0,1576.0,25.0,33.0,1448.2,13038.0,91.0,1075.0,1119.0,0.326,0.782,89.0,6288.0,27.3,4346.0,5.15,5.91,5.91,803.0,835.0,958.0,40.0,1.0,10.0,6.0,1.0,71.0,43.0,51.0,0.456,2.15,7.9,1503.0,1264.0,28.0,2579.0,71.0,0.438,1.494,63.0,1.0,5.0,No
Detroit Tigers,53.0,53.0,32.0,292.0,41.0,1452.0,5549.0,0.24,3.4,391.0,536.0,6341.0,7.0,27.6,1214.0,0.0,20.0,5861.0,127.0,0.666,110.0,835.0,5.24,91.0,4.84,0.981,161.0,108.0,161.0,1449.0,161.0,161.0,161.0,9.8,48.0,69.0,1.6,149.0,250.0,1333.0,1555.0,14.0,24.0,1433.0,12897.0,114.0,1069.0,1127.0,0.294,0.682,78.0,6039.0,27.8,4299.0,3.61,5.68,5.68,556.0,582.0,915.0,-111.0,-1.0,-8.0,-103.0,-10.0,57.0,42.0,9.0,0.388,2.55,8.6,1595.0,1368.0,31.0,2154.0,47.0,0.292,1.459,66.0,0.0,3.0,No
Houston Astros,45.0,45.0,26.0,323.0,28.0,1353.0,5613.0,0.274,2.8,645.0,448.0,5995.0,8.0,29.0,1043.0,2.0,27.0,5811.0,96.0,0.717,71.0,595.0,3.66,127.0,3.98,0.988,162.0,146.0,160.0,1458.0,162.0,162.0,162.0,7.4,66.0,41.0,1.4,288.0,230.0,1538.0,1205.0,17.0,0.0,1462.1,13161.0,55.0,1168.0,968.0,0.352,0.848,119.0,6394.0,29.9,4387.0,5.68,3.95,3.95,891.0,920.0,640.0,96.0,0.0,13.0,53.0,5.0,67.0,57.0,10.0,0.495,3.73,10.3,1166.0,1671.0,47.0,2781.0,107.0,0.66,1.13,41.0,1.0,14.0,Yes
Kansas City Royals,51.0,51.0,30.0,281.0,40.0,1505.0,5496.0,0.247,3.7,456.0,582.0,6307.0,5.0,27.6,1165.0,1.0,39.0,5853.0,152.0,0.678,73.0,824.0,5.2,92.0,4.9,0.988,162.0,113.0,161.0,1458.0,162.0,162.0,162.0,9.6,59.0,81.0,1.4,162.0,221.0,1356.0,1525.0,17.0,25.0,1425.0,12825.0,103.0,1056.0,1163.0,0.309,0.71,85.0,6080.0,27.9,4275.0,4.27,5.36,5.36,655.0,691.0,869.0,-16.0,-2.0,2.0,-5.0,0.0,117.0,42.0,24.0,0.401,2.11,7.8,1405.0,1230.0,37.0,2203.0,59.0,0.364,1.479,59.0,1.0,7.0,No
Los Angeles Angels,57.0,56.0,32.0,268.0,21.0,1469.0,5542.0,0.247,3.6,586.0,576.0,6289.0,9.0,28.8,1080.0,0.0,20.0,5889.0,118.0,0.695,92.0,820.0,5.12,91.0,5.04,0.984,162.0,143.0,162.0,1458.0,162.0,162.0,162.0,8.8,67.0,82.0,1.7,220.0,267.0,1368.0,1417.0,29.0,11.0,1442.2,12983.2,90.0,1125.0,1093.0,0.324,0.746,96.0,6251.0,27.0,4328.0,4.75,5.36,5.36,734.0,769.0,868.0,-23.0,0.0,-2.0,5.0,0.0,65.0,42.0,4.0,0.422,2.44,8.8,1276.0,1404.0,32.0,2338.0,72.0,0.444,1.381,98.0,0.0,2.0,No
Los Angeles Dodgers,46.0,45.0,26.0,302.0,20.0,1428.0,5493.0,0.257,2.4,607.0,392.0,5913.0,7.0,27.9,977.0,3.0,10.0,5871.0,117.0,0.71,106.0,541.0,3.37,123.0,3.73,0.982,162.0,100.0,159.0,1458.0,162.0,162.0,162.0,7.5,81.0,66.0,1.2,279.0,185.0,1414.0,1201.0,47.0,24.0,1445.2,13011.0,56.0,1124.0,963.0,0.338,0.81,111.0,6282.0,28.9,4337.0,5.47,3.78,3.78,861.0,886.0,613.0,105.0,0.0,2.0,48.0,4.0,57.0,45.0,55.0,0.472,3.88,9.5,1356.0,1519.0,44.0,2593.0,106.0,0.654,1.102,40.0,1.0,18.0,Yes
Miami Marlins,50.0,50.0,26.0,265.0,18.0,1364.0,5512.0,0.241,3.8,395.0,615.0,6247.0,6.0,28.4,1058.0,2.0,30.0,5791.0,135.0,0.703,94.0,760.0,4.74,91.0,4.89,0.984,162.0,139.0,160.0,1458.0,162.0,162.0,162.0,8.3,73.0,90.0,1.5,146.0,236.0,1326.0,1340.0,16.0,52.0,1444.1,12999.0,105.0,1034.0,1106.0,0.298,0.673,77.0,6045.0,26.5,4333.0,3.8,4.99,4.99,593.0,615.0,808.0,10.0,0.0,0.0,-4.0,0.0,55.0,33.0,31.0,0.375,2.24,8.6,1469.0,1378.0,27.0,2065.0,57.0,0.352,1.354,71.0,2.0,8.0,No
Milwaukee Brewers,50.0,49.0,30.0,279.0,17.0,1395.0,5542.0,0.246,3.5,629.0,570.0,6251.0,3.0,28.9,1013.0,0.0,25.0,5870.0,135.0,0.691,97.0,713.0,4.4,102.0,4.46,0.983,162.0,120.0,162.0,1458.0,162.0,162.0,162.0,8.4,72.0,60.0,1.4,250.0,225.0,1366.0,1364.0,42.0,28.0,1459.1,13134.0,73.0,1180.0,1107.0,0.329,0.767,97.0,6309.0,28.7,4378.0,4.75,4.73,4.73,744.0,769.0,766.0,27.0,-1.0,3.0,7.0,1.0,101.0,38.0,20.0,0.438,2.63,9.2,1563.0,1497.0,50.0,2429.0,89.0,0.549,1.325,41.0,0.0,7.0,Yes
Minnesota Twins,50.0,49.0,31.0,318.0,23.0,1405.0,5732.0,0.27,2.8,525.0,452.0,6246.0,5.0,27.8,1105.0,1.0,21.0,5906.0,130.0,0.673,111.0,680.0,4.18,109.0,4.02,0.981,162.0,101.0,161.0,1458.0,162.0,162.0,162.0,9.0,81.0,61.0,1.2,307.0,198.0,1547.0,1456.0,21.0,10.0,1463.1,13170.0,61.0,1115.0,1102.0,0.338,0.832,118.0,6392.0,28.2,4390.0,5.8,4.65,4.65,906.0,939.0,754.0,-28.0,-1.0,-2.0,-22.0,-2.0,28.0,41.0,10.0,0.494,3.24,9.0,1334.0,1463.0,50.0,2832.0,101.0,0.623,1.304,71.0,0.0,10.0,Yes
New York Mets,53.0,52.0,30.0,280.0,17.0,1435.0,5624.0,0.257,3.1,516.0,500.0,6232.0,2.0,27.9,933.0,3.0,27.0,5917.0,129.0,0.679,99.0,688.0,4.24,97.0,4.1,0.983,162.0,129.0,159.0,1458.0,162.0,162.0,162.0,8.7,95.0,60.0,1.3,242.0,204.0,1445.0,1405.0,34.0,40.0,1461.0,13149.0,76.0,1128.0,1112.0,0.328,0.77,105.0,6290.0,28.6,4383.0,4.88,4.55,4.55,767.0,791.0,737.0,-34.0,-3.0,-4.0,-44.0,-4.0,56.0,27.0,28.0,0.442,3.04,9.4,1384.0,1520.0,38.0,2485.0,86.0,0.531,1.304,47.0,3.0,12.0,No
New York Yankees,54.0,54.0,33.0,290.0,17.0,1347.0,5583.0,0.267,3.2,569.0,507.0,6133.0,5.0,28.3,1132.0,1.0,22.0,5778.0,135.0,0.686,102.0,691.0,4.31,104.0,4.47,0.982,162.0,113.0,161.0,1458.0,162.0,162.0,162.0,8.6,49.0,44.0,1.5,306.0,248.0,1493.0,1374.0,18.0,12.0,1443.0,12987.0,59.0,1039.0,1065.0,0.339,0.829,118.0,6245.0,30.2,4329.0,5.82,4.56,4.56,904.0,943.0,739.0,-14.0,-1.0,-3.0,7.0,1.0,55.0,33.0,10.0,0.49,3.03,9.6,1437.0,1534.0,50.0,2735.0,103.0,0.636,1.304,55.0,1.0,9.0,Yes
Oakland Athletics,49.0,49.0,28.0,292.0,23.0,1464.0,5561.0,0.249,2.9,578.0,477.0,6153.0,4.0,27.8,1124.0,1.0,21.0,5939.0,122.0,0.71,80.0,646.0,3.97,109.0,4.34,0.987,162.0,140.0,161.0,1458.0,162.0,162.0,162.0,8.2,87.0,66.0,1.2,257.0,201.0,1384.0,1342.0,17.0,19.0,1465.0,13185.0,65.0,1081.0,1078.0,0.327,0.776,108.0,6269.0,30.8,4395.0,5.22,4.2,4.2,800.0,845.0,680.0,3.0,0.0,-13.0,41.0,4.0,49.0,36.0,7.0,0.448,2.72,8.0,1338.0,1299.0,45.0,2493.0,97.0,0.599,1.242,74.0,1.0,12.0,Yes
Philadelphia Phillies,56.0,53.0,34.0,311.0,26.0,1552.0,5571.0,0.246,3.4,562.0,546.0,6274.0,7.0,27.7,1122.0,3.0,18.0,6010.0,136.0,0.687,97.0,731.0,4.53,99.0,4.88,0.984,162.0,97.0,159.0,1458.0,162.0,162.0,162.0,9.0,57.0,71.0,1.6,215.0,258.0,1369.0,1452.0,47.0,38.0,1453.2,13083.0,81.0,1129.0,1119.0,0.319,0.746,92.0,6261.0,28.4,4361.0,4.78,4.9,4.9,742.0,774.0,794.0,68.0,0.0,0.0,16.0,1.0,78.0,34.0,34.0,0.427,2.55,8.6,1453.0,1392.0,36.0,2377.0,81.0,0.5,1.374,45.0,1.0,7.0,No
Pittsburgh Pirates,54.0,54.0,34.0,315.0,38.0,1493.0,5657.0,0.265,3.7,425.0,584.0,6391.0,4.0,27.5,1068.0,1.0,29.0,5934.0,130.0,0.666,121.0,829.0,5.18,84.0,4.78,0.98,162.0,119.0,161.0,1458.0,162.0,162.0,162.0,9.4,63.0,85.0,1.5,163.0,241.0,1497.0,1511.0,41.0,22.0,1440.0,12960.0,93.0,1103.0,1160.0,0.321,0.741,94.0,6228.0,27.2,4320.0,4.68,5.62,5.62,722.0,758.0,911.0,-21.0,0.0,2.0,-70.0,-7.0,64.0,34.0,47.0,0.42,2.47,9.0,1213.0,1443.0,31.0,2377.0,69.0,0.426,1.455,50.0,0.0,6.0,No
San Diego Padres,54.0,54.0,34.0,224.0,24.0,1386.0,5391.0,0.238,2.9,504.0,463.0,6160.0,6.0,26.2,1041.0,0.0,37.0,5798.0,100.0,0.68,116.0,732.0,4.6,91.0,4.22,0.98,162.0,120.0,162.0,1458.0,162.0,162.0,162.0,8.8,55.0,68.0,1.4,219.0,215.0,1281.0,1394.0,19.0,19.0,1432.0,12888.0,92.0,1008.0,1075.0,0.308,0.718,90.0,6019.0,26.3,4296.0,4.21,4.87,4.87,652.0,682.0,789.0,4.0,-1.0,-2.0,-42.0,-4.0,70.0,31.0,37.0,0.41,3.19,9.3,1581.0,1475.0,47.0,2210.0,70.0,0.432,1.297,60.0,0.0,6.0,No
Seattle Mariners,67.0,67.0,42.0,254.0,28.0,1490.0,5500.0,0.237,3.2,588.0,505.0,6268.0,4.0,27.8,1123.0,3.0,47.0,5940.0,145.0,0.688,132.0,798.0,4.99,88.0,5.0,0.978,162.0,83.0,159.0,1458.0,162.0,162.0,162.0,9.3,58.0,51.0,1.6,239.0,260.0,1305.0,1484.0,7.0,25.0,1439.1,12954.0,94.0,1080.0,1057.0,0.316,0.74,99.0,6199.0,28.6,4318.0,4.68,5.51,5.51,730.0,758.0,893.0,-48.0,-1.0,-6.0,-9.0,-1.0,115.0,37.0,14.0,0.424,2.45,7.7,1581.0,1239.0,34.0,2332.0,68.0,0.42,1.382,75.0,2.0,4.0,No
San Francisco Giants,64.0,63.0,35.0,300.0,26.0,1536.0,5579.0,0.239,3.2,475.0,519.0,6256.0,4.0,29.9,1079.0,1.0,28.0,6033.0,142.0,0.699,90.0,715.0,4.38,96.0,4.55,0.985,162.0,111.0,161.0,1458.0,162.0,162.0,162.0,8.5,50.0,65.0,1.4,167.0,227.0,1332.0,1395.0,26.0,26.0,1469.0,13221.0,85.0,1069.0,1076.0,0.302,0.694,83.0,6170.0,28.9,4407.0,4.19,4.77,4.77,655.0,678.0,773.0,19.0,0.0,0.0,14.0,1.0,47.0,42.0,24.0,0.392,2.64,8.4,1435.0,1368.0,41.0,2185.0,77.0,0.475,1.303,53.0,0.0,8.0,No
St. Louis Cardinals,43.0,42.0,23.0,246.0,24.0,1578.0,5449.0,0.245,3.4,561.0,545.0,6068.0,4.0,28.8,1051.0,1.0,29.0,5976.0,168.0,0.706,66.0,609.0,3.8,110.0,4.27,0.989,162.0,110.0,161.0,1458.0,162.0,162.0,162.0,8.0,76.0,69.0,1.2,210.0,191.0,1336.0,1284.0,15.0,41.0,1444.0,12996.0,71.0,1107.0,1074.0,0.322,0.737,94.0,6167.0,27.8,4332.0,4.72,4.09,4.09,714.0,764.0,662.0,73.0,1.0,3.0,37.0,3.0,116.0,39.0,40.0,0.415,2.57,8.7,1420.0,1399.0,52.0,2260.0,91.0,0.562,1.267,46.0,1.0,14.0,Yes
Tampa Bay Rays,57.0,57.0,33.0,291.0,29.0,1414.0,5628.0,0.254,2.8,542.0,453.0,6086.0,7.0,27.2,1076.0,0.0,37.0,5924.0,126.0,0.695,87.0,598.0,3.65,120.0,3.65,0.985,162.0,114.0,162.0,1458.0,162.0,162.0,162.0,7.8,73.0,60.0,1.1,217.0,181.0,1427.0,1274.0,20.0,27.0,1474.1,13269.0,66.0,1130.0,1007.0,0.325,0.757,102.0,6285.0,27.8,4423.0,4.75,4.05,4.05,730.0,769.0,656.0,42.0,0.0,6.0,28.0,3.0,94.0,34.0,8.0,0.431,3.58,9.9,1493.0,1621.0,46.0,2427.0,96.0,0.593,1.171,59.0,0.0,12.0,Yes
Texas Rangers,53.0,53.0,36.0,296.0,24.0,1364.0,5540.0,0.248,3.6,534.0,583.0,6354.0,3.0,28.8,1170.0,4.0,38.0,5783.0,143.0,0.671,105.0,808.0,5.06,102.0,4.84,0.982,162.0,98.0,158.0,1458.0,162.0,162.0,162.0,9.5,67.0,70.0,1.5,223.0,241.0,1374.0,1515.0,18.0,11.0,1438.0,12942.0,84.0,1066.0,1162.0,0.319,0.75,88.0,6204.0,28.3,4314.0,5.0,5.42,5.42,765.0,810.0,878.0,-65.0,-1.0,-7.0,-34.0,-3.0,131.0,44.0,17.0,0.431,2.37,8.6,1578.0,1379.0,33.0,2387.0,78.0,0.481,1.459,68.0,1.0,9.0,No
Toronto Blue Jays,61.0,61.0,39.0,270.0,21.0,1503.0,5493.0,0.236,3.8,509.0,604.0,6313.0,6.0,25.9,1153.0,1.0,20.0,5920.0,141.0,0.685,96.0,767.0,4.79,95.0,4.82,0.984,162.0,107.0,161.0,1458.0,162.0,162.0,162.0,9.1,45.0,69.0,1.4,247.0,228.0,1299.0,1450.0,10.0,25.0,1440.1,12963.0,95.0,1003.0,1164.0,0.305,0.733,94.0,6091.0,28.0,4321.0,4.48,5.11,5.11,697.0,726.0,828.0,40.0,1.0,0.0,-8.0,-1.0,51.0,28.0,14.0,0.428,2.21,8.3,1514.0,1332.0,33.0,2352.0,67.0,0.414,1.426,70.0,0.0,7.0,No
Washington Nationals,50.0,50.0,31.0,298.0,27.0,1374.0,5512.0,0.265,3.2,584.0,517.0,6134.0,5.0,28.8,1171.0,1.0,29.0,5779.0,111.0,0.689,87.0,683.0,4.27,106.0,4.14,0.985,162.0,117.0,161.0,1458.0,162.0,162.0,162.0,8.4,81.0,61.0,1.3,231.0,202.0,1460.0,1340.0,33.0,41.0,1439.1,12954.0,69.0,1114.0,1092.0,0.342,0.796,104.0,6267.0,30.8,4318.0,5.39,4.47,4.47,824.0,873.0,724.0,25.0,0.0,1.0,6.0,1.0,116.0,42.0,48.0,0.454,2.92,9.4,1308.0,1511.0,40.0,2505.0,93.0,0.574,1.29,53.0,1.0,13.0,Yes
Arizona Diamondbacks,64.0,64.0,41.0,308.0,31.0,1374.0,5489.0,0.236,3.5,537.0,555.0,6270.0,7.0,28.9,1030.0,3.0,16.0,5726.0,113.0,0.685,100.0,804.0,5.11,83.0,4.88,0.983,162.0,99.0,159.0,1458.0,162.0,162.0,162.0,9.4,54.0,75.0,1.5,144.0,232.0,1297.0,1480.0,24.0,45.0,1417.1,12756.0,110.0,1152.0,1146.0,0.309,0.692,87.0,6144.0,28.5,4252.0,4.19,5.51,5.51,644.0,679.0,893.0,-37.0,0.0,-1.0,-20.0,-2.0,43.0,28.0,32.0,0.382,2.23,7.9,1465.0,1238.0,22.0,2099.0,52.0,0.321,1.436,43.0,3.0,4.0,No
Atlanta Braves,56.0,55.0,30.0,269.0,20.0,1483.0,5363.0,0.244,3.3,549.0,516.0,5944.0,8.0,28.2,1126.0,2.0,19.0,5786.0,104.0,0.708,71.0,608.0,3.88,112.0,4.09,0.988,161.0,81.0,159.0,1449.0,161.0,161.0,161.0,7.9,67.0,66.0,1.2,239.0,183.0,1307.0,1237.0,36.0,34.0,1410.2,12696.0,73.0,1072.0,1074.0,0.319,0.754,98.0,6056.0,29.5,4232.0,4.91,4.07,4.07,762.0,790.0,656.0,50.0,1.0,5.0,60.0,6.0,59.0,43.0,32.0,0.435,2.75,9.0,1453.0,1417.0,40.0,2333.0,88.0,0.547,1.243,73.0,2.0,18.0,No
Baltimore Orioles,62.0,62.0,42.0,266.0,15.0,1359.0,5420.0,0.239,3.6,451.0,563.0,6252.0,7.0,26.7,1093.0,1.0,23.0,5639.0,101.0,0.683,74.0,910.0,5.84,77.0,5.15,0.987,162.0,105.0,161.0,1458.0,162.0,162.0,162.0,9.7,65.0,68.0,1.7,195.0,258.0,1296.0,1518.0,12.0,12.0,1402.0,12618.0,110.0,1046.0,1103.0,0.304,0.705,92.0,5983.0,28.1,4206.0,4.07,5.9,5.9,632.0,659.0,956.0,-30.0,-1.0,-12.0,-47.0,-4.0,54.0,31.0,14.0,0.402,2.19,7.9,1454.0,1234.0,26.0,2177.0,52.0,0.321,1.484,88.0,1.0,5.0,No
Boston Red Sox,56.0,56.0,37.0,330.0,23.0,1421.0,5495.0,0.261,3.5,512.0,546.0,6147.0,6.0,28.0,1104.0,0.0,21.0,5786.0,143.0,0.659,108.0,671.0,4.26,110.0,3.95,0.981,162.0,100.0,162.0,1458.0,162.0,162.0,162.0,8.9,61.0,79.0,1.1,219.0,176.0,1434.0,1409.0,22.0,31.0,1419.0,12771.0,70.0,1093.0,1163.0,0.328,0.777,106.0,6122.0,29.7,4257.0,5.12,4.62,4.62,783.0,829.0,749.0,4.0,-1.0,-1.0,-65.0,-6.0,40.0,42.0,10.0,0.449,2.8,9.7,1386.0,1527.0,49.0,2467.0,92.0,0.568,1.378,63.0,0.0,7.0,Yes
Chicago Cubs,69.0,68.0,40.0,225.0,26.0,1554.0,5306.0,0.237,3.8,502.0,596.0,6202.0,4.0,29.1,1039.0,1.0,37.0,5879.0,149.0,0.691,87.0,765.0,4.87,87.0,4.88,0.985,162.0,133.0,161.0,1458.0,162.0,162.0,162.0,8.8,92.0,98.0,1.5,210.0,235.0,1255.0,1386.0,17.0,25.0,1412.2,12714.0,91.0,1019.0,1143.0,0.312,0.719,93.0,5972.0,29.4,4238.0,4.35,5.18,5.18,672.0,705.0,839.0,29.0,0.0,5.0,-21.0,-2.0,86.0,30.0,40.0,0.407,2.28,8.7,1596.0,1358.0,40.0,2162.0,71.0,0.438,1.403,60.0,0.0,8.0,No
Chicago White Sox,47.0,47.0,27.0,275.0,22.0,1210.0,5357.0,0.256,3.1,586.0,485.0,5861.0,6.0,28.0,1117.0,4.0,20.0,5517.0,112.0,0.694,97.0,581.0,3.73,118.0,3.74,0.982,162.0,139.0,158.0,1458.0,162.0,162.0,162.0,7.7,78.0,51.0,1.2,190.0,182.0,1373.0,1205.0,10.0,16.0,1403.1,12630.0,69.0,1125.0,1029.0,0.336,0.758,106.0,6084.0,28.3,4210.0,4.91,3.93,3.93,757.0,796.0,636.0,-40.0,-5.0,-14.0,-42.0,-4.0,57.0,39.0,24.0,0.422,3.27,10.2,1389.0,1588.0,43.0,2262.0,93.0,0.574,1.204,84.0,3.0,13.0,Yes
Cincinnati Reds,55.0,55.0,36.0,295.0,13.0,1422.0,5423.0,0.249,3.9,553.0,617.0,6199.0,8.0,28.9,1052.0,1.0,24.0,5816.0,125.0,0.688,91.0,702.0,4.4,107.0,4.34,0.984,162.0,129.0,161.0,1458.0,162.0,162.0,162.0,8.3,105.0,64.0,1.3,222.0,206.0,1352.0,1330.0,22.0,30.0,1434.1,12909.0,79.0,1110.0,1161.0,0.328,0.759,95.0,6162.0,28.9,4303.0,4.85,4.69,4.69,756.0,786.0,760.0,-32.0,0.0,7.0,-33.0,-3.0,36.0,45.0,35.0,0.431,2.47,9.6,1425.0,1524.0,41.0,2339.0,83.0,0.512,1.357,62.0,1.0,8.0,No
Cleveland Indians,48.0,48.0,25.0,248.0,22.0,1400.0,5332.0,0.238,3.3,453.0,522.0,5968.0,8.0,26.7,1149.0,0.0,17.0,5710.0,138.0,0.703,86.0,679.0,4.34,99.0,4.43,0.985,162.0,105.0,162.0,1458.0,162.0,162.0,162.0,8.2,64.0,59.0,1.4,203.0,216.0,1269.0,1281.0,18.0,12.0,1408.0,12672.0,82.0,987.0,1035.0,0.303,0.71,94.0,5907.0,26.3,4224.0,4.43,4.49,4.49,686.0,717.0,727.0,2.0,0.0,-1.0,27.0,3.0,109.0,36.0,20.0,0.407,2.66,8.9,1387.0,1391.0,39.0,2170.0,80.0,0.494,1.281,52.0,0.0,9.0,No
Colorado Rockies,45.0,45.0,26.0,275.0,34.0,1516.0,5374.0,0.249,3.5,491.0,539.0,6044.0,3.0,28.1,1094.0,3.0,23.0,5780.0,140.0,0.686,73.0,748.0,4.82,100.0,4.47,0.987,161.0,98.0,158.0,1449.0,161.0,161.0,161.0,9.0,58.0,63.0,1.3,182.0,196.0,1338.0,1397.0,24.0,19.0,1397.0,12573.0,87.0,1074.0,1081.0,0.317,0.731,86.0,6007.0,28.3,4191.0,4.59,4.94,4.94,709.0,739.0,796.0,61.0,4.0,1.0,22.0,2.0,76.0,36.0,48.0,0.414,2.35,8.2,1356.0,1269.0,33.0,2227.0,74.0,0.46,1.386,67.0,1.0,6.0,No
Detroit Tigers,49.0,49.0,29.0,236.0,37.0,1492.0,5376.0,0.242,3.6,490.0,571.0,6164.0,3.0,28.1,1145.0,2.0,25.0,5834.0,136.0,0.698,83.0,681.0,4.32,99.0,4.6,0.986,162.0,113.0,160.0,1458.0,162.0,162.0,162.0,8.7,44.0,82.0,1.3,179.0,199.0,1299.0,1370.0,8.0,10.0,1419.2,12777.0,85.0,1031.0,1174.0,0.308,0.707,96.0,5979.0,27.3,4259.0,4.3,4.67,4.67,675.0,697.0,756.0,-35.0,-1.0,-10.0,-22.0,-2.0,88.0,50.0,17.0,0.399,2.2,8.0,1514.0,1259.0,42.0,2146.0,77.0,0.475,1.367,80.0,1.0,7.0,No
Houston Astros,52.0,51.0,32.0,299.0,14.0,1432.0,5593.0,0.267,3.4,569.0,549.0,6060.0,4.0,28.9,1153.0,2.0,16.0,5836.0,126.0,0.713,69.0,607.0,3.78,114.0,4.12,0.988,162.0,136.0,160.0,1458.0,162.0,162.0,162.0,7.7,64.0,70.0,1.2,221.0,187.0,1496.0,1231.0,25.0,12.0,1445.0,13005.0,67.0,1159.0,1092.0,0.339,0.783,113.0,6291.0,28.7,4335.0,5.33,4.06,4.06,834.0,863.0,658.0,76.0,0.0,0.0,53.0,5.0,53.0,54.0,9.0,0.444,2.65,9.1,1222.0,1456.0,34.0,2486.0,95.0,0.586,1.232,72.0,0.0,8.0,Yes
Kansas City Royals,48.0,47.0,30.0,251.0,29.0,1422.0,5427.0,0.249,3.8,421.0,591.0,6127.0,9.0,29.3,1114.0,1.0,33.0,5758.0,152.0,0.685,84.0,731.0,4.64,99.0,4.39,0.985,162.0,100.0,161.0,1458.0,162.0,162.0,162.0,8.7,55.0,62.0,1.2,163.0,189.0,1349.0,1375.0,8.0,16.0,1417.1,12756.0,88.0,1050.0,1101.0,0.306,0.702,90.0,5993.0,27.9,4252.0,4.23,4.86,4.86,647.0,686.0,788.0,23.0,0.0,6.0,20.0,2.0,124.0,52.0,31.0,0.396,2.27,8.5,1258.0,1344.0,37.0,2147.0,74.0,0.457,1.387,86.0,0.0,7.0,No
Los Angeles Angels,64.0,64.0,41.0,265.0,23.0,1419.0,5437.0,0.245,3.7,464.0,592.0,6196.0,11.0,29.2,1108.0,1.0,26.0,5772.0,131.0,0.68,88.0,741.0,4.69,96.0,4.25,0.985,162.0,107.0,161.0,1458.0,162.0,162.0,162.0,8.7,59.0,76.0,1.2,190.0,188.0,1331.0,1373.0,35.0,18.0,1421.2,12795.0,85.0,1029.0,1141.0,0.31,0.717,93.0,6019.0,28.6,4265.0,4.46,4.96,4.96,691.0,723.0,804.0,-29.0,-1.0,-2.0,-34.0,-3.0,79.0,25.0,30.0,0.407,2.45,9.2,1394.0,1453.0,39.0,2212.0,77.0,0.475,1.382,56.0,0.0,4.0,No
Los Angeles Dodgers,61.0,61.0,39.0,247.0,24.0,1303.0,5445.0,0.244,3.0,613.0,486.0,5948.0,9.0,29.2,1021.0,1.0,17.0,5748.0,94.0,0.723,89.0,486.0,3.01,140.0,3.54,0.985,162.0,96.0,161.0,1458.0,162.0,162.0,162.0,6.9,104.0,63.0,1.0,237.0,161.0,1330.0,1107.0,36.0,43.0,1452.0,13068.0,56.0,1169.0,1063.0,0.33,0.759,101.0,6239.0,28.8,4356.0,5.12,3.46,3.46,799.0,830.0,561.0,36.0,0.0,-2.0,30.0,3.0,65.0,45.0,32.0,0.429,3.29,9.9,1408.0,1599.0,56.0,2336.0,106.0,0.654,1.097,52.0,0.0,17.0,Yes
Miami Marlins,61.0,61.0,34.0,226.0,23.0,1443.0,5348.0,0.233,3.4,450.0,529.0,6027.0,2.0,28.2,1107.0,1.0,29.0,5810.0,146.0,0.689,122.0,622.0,3.96,107.0,4.01,0.979,162.0,95.0,161.0,1458.0,162.0,162.0,162.0,8.2,65.0,88.0,1.0,158.0,162.0,1244.0,1282.0,25.0,43.0,1415.0,12735.0,95.0,1042.0,1103.0,0.298,0.671,81.0,5929.0,27.3,4245.0,3.85,4.33,4.33,594.0,623.0,701.0,55.0,1.0,-8.0,4.0,0.0,106.0,30.0,30.0,0.372,2.61,8.8,1553.0,1381.0,33.0,1990.0,67.0,0.414,1.28,58.0,0.0,8.0,No
Milwaukee Brewers,61.0,60.0,38.0,255.0,18.0,1331.0,5362.0,0.233,3.4,586.0,537.0,5990.0,9.0,28.7,1041.0,2.0,21.0,5733.0,102.0,0.708,94.0,558.0,3.5,119.0,3.72,0.984,162.0,102.0,160.0,1458.0,162.0,162.0,162.0,7.2,88.0,77.0,1.1,194.0,168.0,1251.0,1156.0,26.0,19.0,1436.0,12924.0,67.0,1113.0,1084.0,0.317,0.713,92.0,6099.0,28.1,4308.0,4.56,3.85,3.85,700.0,738.0,623.0,61.0,-1.0,1.0,34.0,3.0,82.0,35.0,25.0,0.396,3.01,10.1,1465.0,1618.0,44.0,2124.0,95.0,0.586,1.179,60.0,1.0,19.0,Yes
Minnesota Twins,57.0,56.0,35.0,271.0,17.0,1420.0,5431.0,0.241,3.1,525.0,484.0,6080.0,3.0,28.3,1066.0,1.0,15.0,5785.0,139.0,0.692,107.0,762.0,4.83,89.0,4.66,0.982,162.0,122.0,161.0,1458.0,162.0,162.0,162.0,8.8,70.0,62.0,1.5,228.0,239.0,1311.0,1392.0,17.0,13.0,1419.1,12774.0,89.0,1092.0,1017.0,0.314,0.738,103.0,6078.0,29.8,4258.0,4.5,5.15,5.15,690.0,729.0,834.0,32.0,0.0,8.0,-10.0,-1.0,54.0,42.0,7.0,0.423,2.72,8.4,1405.0,1317.0,42.0,2300.0,73.0,0.451,1.322,48.0,0.0,9.0,No
New York Mets,64.0,64.0,42.0,228.0,18.0,1312.0,5210.0,0.239,3.1,495.0,475.0,5785.0,1.0,28.2,1069.0,2.0,26.0,5545.0,121.0,0.697,95.0,597.0,3.9,104.0,4.03,0.983,162.0,123.0,160.0,1458.0,162.0,162.0,162.0,8.0,94.0,70.0,1.2,176.0,190.0,1243.0,1221.0,25.0,21.0,1379.1,12414.0,85.0,1099.0,1005.0,0.315,0.705,93.0,5856.0,29.5,4138.0,3.93,4.12,4.12,604.0,636.0,668.0,48.0,0.0,0.0,15.0,1.0,54.0,23.0,34.0,0.391,3.06,9.5,1392.0,1453.0,41.0,2035.0,77.0,0.475,1.23,53.0,1.0,8.0,No
New York Yankees,59.0,59.0,30.0,213.0,12.0,1318.0,5331.0,0.237,3.1,621.0,492.0,5999.0,8.0,29.3,1044.0,3.0,18.0,5722.0,115.0,0.698,98.0,596.0,3.74,115.0,3.9,0.983,162.0,154.0,159.0,1458.0,162.0,162.0,162.0,7.8,63.0,56.0,1.2,222.0,196.0,1266.0,1243.0,14.0,10.0,1435.1,12918.0,70.0,1097.0,1048.0,0.322,0.729,100.0,6060.0,29.3,4306.0,4.39,4.13,4.13,666.0,711.0,669.0,-41.0,-1.0,-8.0,-37.0,-3.0,63.0,34.0,10.0,0.407,3.19,9.8,1482.0,1569.0,47.0,2169.0,92.0,0.568,1.209,85.0,2.0,13.0,Yes
Oakland Athletics,50.0,50.0,27.0,271.0,19.0,1320.0,5395.0,0.238,2.8,545.0,439.0,6060.0,2.0,30.1,1101.0,3.0,20.0,5691.0,116.0,0.698,72.0,640.0,4.02,103.0,4.1,0.987,162.0,99.0,159.0,1458.0,162.0,162.0,162.0,8.6,98.0,64.0,1.2,199.0,191.0,1284.0,1362.0,17.0,11.0,1433.0,12897.0,76.0,1084.0,1089.0,0.317,0.723,102.0,6104.0,30.1,4299.0,4.59,4.24,4.24,698.0,743.0,687.0,-10.0,0.0,-7.0,-9.0,-1.0,88.0,49.0,17.0,0.406,3.03,8.4,1349.0,1332.0,39.0,2190.0,86.0,0.531,1.257,63.0,3.0,11.0,No
Philadelphia Phillies,55.0,55.0,35.0,262.0,24.0,1439.0,5366.0,0.24,3.2,564.0,509.0,6055.0,5.0,29.1,1053.0,5.0,19.0,5789.0,142.0,0.687,94.0,692.0,4.39,96.0,4.15,0.984,162.0,103.0,157.0,1458.0,162.0,162.0,162.0,8.4,67.0,75.0,1.3,198.0,200.0,1288.0,1321.0,37.0,37.0,1418.2,12768.0,80.0,1115.0,1074.0,0.318,0.726,95.0,6089.0,28.8,4256.0,4.53,4.6,4.6,700.0,734.0,745.0,-54.0,-1.0,-2.0,-54.0,-5.0,77.0,43.0,47.0,0.408,2.91,9.4,1402.0,1480.0,36.0,2192.0,82.0,0.506,1.29,49.0,4.0,12.0,No
Pittsburgh Pirates,64.0,64.0,38.0,240.0,35.0,1378.0,5336.0,0.236,3.9,529.0,606.0,6140.0,5.0,27.5,1129.0,0.0,30.0,5637.0,139.0,0.687,70.0,788.0,5.08,84.0,4.74,0.988,162.0,102.0,162.0,1458.0,162.0,162.0,162.0,9.0,49.0,78.0,1.4,124.0,213.0,1261.0,1400.0,24.0,26.0,1396.1,12567.0,101.0,1128.0,1128.0,0.309,0.673,82.0,5983.0,27.4,4189.0,3.76,5.14,5.14,570.0,609.0,833.0,-9.0,1.0,9.0,-25.0,-2.0,60.0,37.0,31.0,0.364,2.17,8.5,1328.0,1312.0,25.0,1943.0,61.0,0.377,1.437,55.0,0.0,6.0,No
San Diego Padres,54.0,54.0,34.0,273.0,21.0,1399.0,5384.0,0.242,3.2,586.0,516.0,6056.0,2.0,28.0,1119.0,2.0,39.0,5771.0,139.0,0.698,82.0,651.0,4.1,95.0,4.18,0.986,162.0,121.0,160.0,1458.0,162.0,162.0,162.0,8.0,61.0,87.0,1.3,180.0,205.0,1305.0,1277.0,42.0,33.0,1430.0,12870.0,83.0,1123.0,1086.0,0.321,0.722,101.0,6119.0,29.6,4290.0,4.5,4.37,4.37,695.0,729.0,708.0,16.0,0.0,7.0,-10.0,-1.0,110.0,46.0,36.0,0.401,2.94,9.5,1324.0,1517.0,43.0,2160.0,79.0,0.488,1.254,57.0,2.0,11.0,No
Seattle Mariners,63.0,62.0,38.0,233.0,11.0,1384.0,5355.0,0.226,3.0,535.0,485.0,6106.0,3.0,27.0,1166.0,1.0,24.0,5784.0,135.0,0.699,79.0,688.0,4.3,97.0,4.26,0.986,162.0,92.0,161.0,1458.0,162.0,162.0,162.0,8.5,72.0,69.0,1.2,199.0,197.0,1209.0,1356.0,8.0,23.0,1440.1,12963.0,72.0,1040.0,1065.0,0.303,0.688,92.0,6010.0,28.0,4321.0,4.3,4.62,4.62,673.0,697.0,748.0,-1.0,0.0,-1.0,-6.0,-1.0,64.0,36.0,9.0,0.385,2.74,8.3,1492.0,1328.0,51.0,2061.0,90.0,0.556,1.278,58.0,0.0,10.0,No
San Francisco Giants,54.0,54.0,34.0,271.0,25.0,1471.0,5462.0,0.249,2.6,602.0,416.0,6002.0,7.0,30.6,913.0,2.0,14.0,5916.0,122.0,0.707,80.0,524.0,3.24,128.0,3.55,0.986,162.0,117.0,160.0,1458.0,162.0,162.0,162.0,7.8,64.0,63.0,0.9,241.0,151.0,1360.0,1254.0,45.0,20.0,1455.0,13095.0,55.0,1138.0,1072.0,0.329,0.769,107.0,6196.0,29.7,4365.0,4.96,3.67,3.67,768.0,804.0,594.0,32.0,0.0,-1.0,38.0,4.0,66.0,30.0,36.0,0.44,3.43,8.8,1461.0,1425.0,56.0,2404.0,107.0,0.66,1.148,44.0,2.0,18.0,Yes
St. Louis Cardinals,51.0,51.0,33.0,261.0,22.0,1514.0,5351.0,0.244,3.9,478.0,608.0,6046.0,4.0,28.5,1147.0,3.0,22.0,5849.0,137.0,0.714,84.0,626.0,3.98,99.0,4.3,0.986,162.0,99.0,159.0,1458.0,162.0,162.0,162.0,7.8,86.0,85.0,1.0,198.0,152.0,1303.0,1234.0,32.0,30.0,1417.0,12753.0,72.0,1081.0,1134.0,0.313,0.725,99.0,6001.0,30.1,4251.0,4.36,4.15,4.15,678.0,706.0,672.0,81.0,4.0,4.0,52.0,5.0,89.0,44.0,40.0,0.412,2.01,7.8,1341.0,1225.0,50.0,2202.0,90.0,0.556,1.3,66.0,1.0,15.0,Yes
Tampa Bay Rays,61.0,61.0,41.0,288.0,36.0,1358.0,5507.0,0.243,2.7,585.0,436.0,5998.0,6.0,27.7,1038.0,1.0,42.0,5805.0,130.0,0.706,80.0,593.0,3.67,111.0,3.79,0.986,162.0,75.0,161.0,1458.0,162.0,162.0,162.0,7.8,72.0,55.0,1.1,222.0,184.0,1336.0,1264.0,27.0,27.0,1455.2,13101.0,62.0,1085.0,1009.0,0.321,0.75,110.0,6213.0,28.8,4367.0,5.29,4.02,4.02,810.0,857.0,651.0,72.0,2.0,-5.0,33.0,3.0,88.0,41.0,6.0,0.429,3.39,9.1,1542.0,1478.0,42.0,2362.0,100.0,0.617,1.168,64.0,0.0,13.0,Yes
Texas Rangers,54.0,54.0,32.0,225.0,24.0,1462.0,5405.0,0.232,3.2,433.0,513.0,6103.0,0.0,26.8,1199.0,0.0,29.0,5818.0,146.0,0.698,83.0,758.0,4.79,93.0,4.76,0.986,162.0,113.0,162.0,1458.0,162.0,162.0,162.0,8.9,58.0,61.0,1.5,167.0,232.0,1254.0,1402.0,10.0,11.0,1424.1,12819.0,102.0,1007.0,1040.0,0.294,0.67,83.0,5943.0,27.8,4273.0,3.86,5.03,5.03,598.0,625.0,815.0,86.0,0.0,-1.0,58.0,5.0,106.0,31.0,16.0,0.375,2.42,7.8,1381.0,1239.0,31.0,2028.0,60.0,0.37,1.344,67.0,0.0,3.0,No
Toronto Blue Jays,62.0,61.0,38.0,285.0,13.0,1371.0,5476.0,0.266,3.0,496.0,473.0,5916.0,4.0,26.8,1047.0,1.0,20.0,5677.0,122.0,0.7,90.0,610.0,3.91,115.0,4.18,0.984,162.0,112.0,161.0,1458.0,162.0,162.0,162.0,8.1,51.0,75.0,1.3,262.0,209.0,1455.0,1257.0,14.0,10.0,1405.1,12648.0,71.0,1056.0,1054.0,0.33,0.797,113.0,6070.0,29.1,4216.0,5.22,4.09,4.09,816.0,846.0,663.0,22.0,1.0,1.0,7.0,1.0,81.0,35.0,10.0,0.466,3.1,9.4,1218.0,1468.0,34.0,2552.0,91.0,0.562,1.231,54.0,1.0,14.0,No
Washington Nationals,60.0,59.0,33.0,272.0,20.0,1361.0,5385.0,0.258,3.5,573.0,548.0,6073.0,1.0,28.7,1168.0,1.0,26.0,5641.0,116.0,0.694,96.0,743.0,4.8,84.0,4.87,0.983,162.0,158.0,161.0,1458.0,162.0,162.0,162.0,8.8,84.0,71.0,1.6,182.0,247.0,1388.0,1364.0,43.0,46.0,1394.1,12549.0,97.0,1185.0,1087.0,0.337,0.754,107.0,6113.0,30.1,4184.0,4.47,5.06,5.06,686.0,724.0,820.0,12.0,0.0,14.0,-29.0,-3.0,56.0,31.0,38.0,0.417,2.46,8.7,1303.0,1346.0,36.0,2246.0,65.0,0.401,1.371,43.0,0.0,8.0,No
Arizona Diamondbacks,57.0,57.0,33.0,262.0,24.0,1370.0,5351.0,0.23,3.2,531.0,504.0,6065.0,3.0,26.5,1097.0,0.0,29.0,5746.0,134.0,0.704,86.0,676.0,4.25,95.0,4.33,0.985,162.0,97.0,162.0,1458.0,162.0,162.0,162.0,8.5,60.0,59.0,1.2,173.0,191.0,1232.0,1345.0,14.0,18.0,1430.0,12870.0,88.0,1039.0,1051.0,0.304,0.689,95.0,6027.0,30.0,4290.0,4.33,4.57,4.57,658.0,702.0,740.0,55.0,-1.0,-3.0,29.0,3.0,104.0,50.0,31.0,0.385,2.41,7.7,1341.0,1216.0,33.0,2061.0,74.0,0.457,1.293,51.0,0.0,10.0,No
Atlanta Braves,53.0,53.0,32.0,298.0,11.0,1382.0,5509.0,0.253,3.1,470.0,500.0,6031.0,4.0,27.5,1195.0,1.0,31.0,5803.0,110.0,0.701,77.0,556.0,3.46,119.0,3.46,0.987,162.0,103.0,161.0,1458.0,162.0,162.0,162.0,7.6,66.0,62.0,0.9,243.0,148.0,1394.0,1224.0,13.0,21.0,1448.0,13032.0,61.0,1030.0,1101.0,0.317,0.761,109.0,6082.0,30.0,4344.0,4.87,3.76,3.76,753.0,789.0,609.0,31.0,2.0,4.0,18.0,2.0,87.0,36.0,1.0,0.443,3.11,9.7,1498.0,1554.0,55.0,2443.0,101.0,0.623,1.191,55.0,1.0,9.0,Yes
Baltimore Orioles,58.0,57.0,36.0,275.0,25.0,1529.0,5429.0,0.236,2.8,476.0,443.0,6058.0,4.0,27.0,1121.0,2.0,31.0,5920.0,151.0,0.69,91.0,632.0,3.97,99.0,4.03,0.985,162.0,95.0,160.0,1458.0,162.0,162.0,162.0,8.8,83.0,64.0,1.1,171.0,171.0,1281.0,1406.0,10.0,8.0,1433.1,12900.0,79.0,1095.0,1092.0,0.305,0.695,99.0,6049.0,27.7,4300.0,4.16,4.25,4.25,639.0,674.0,688.0,38.0,2.0,4.0,6.0,1.0,95.0,43.0,12.0,0.39,2.74,7.6,1390.0,1214.0,46.0,2119.0,83.0,0.512,1.29,47.0,1.0,15.0,No
Boston Red Sox,54.0,53.0,33.0,352.0,12.0,1447.0,5539.0,0.258,3.3,478.0,526.0,6167.0,8.0,28.8,1105.0,5.0,20.0,5825.0,134.0,0.683,85.0,721.0,4.53,93.0,4.17,0.985,162.0,131.0,157.0,1458.0,162.0,162.0,162.0,8.9,63.0,72.0,1.2,155.0,185.0,1427.0,1411.0,23.0,17.0,1431.0,12879.0,84.0,1133.0,1109.0,0.321,0.731,102.0,6144.0,30.2,4293.0,4.54,4.86,4.86,704.0,735.0,787.0,-2.0,-2.0,-8.0,3.0,0.0,52.0,50.0,12.0,0.409,2.56,8.5,1373.0,1346.0,39.0,2268.0,78.0,0.481,1.354,60.0,2.0,10.0,No
Chicago Cubs,64.0,64.0,43.0,265.0,31.0,1453.0,5425.0,0.238,3.4,507.0,540.0,6162.0,8.0,27.9,1086.0,0.0,37.0,5880.0,139.0,0.697,96.0,642.0,4.0,105.0,4.33,0.984,162.0,130.0,162.0,1458.0,162.0,162.0,162.0,8.4,84.0,73.0,1.3,159.0,207.0,1293.0,1342.0,16.0,19.0,1443.2,12993.0,88.0,1100.0,1130.0,0.311,0.698,94.0,6072.0,29.5,4331.0,4.06,4.51,4.51,620.0,657.0,731.0,2.0,0.0,-1.0,3.0,0.0,111.0,36.0,19.0,0.387,2.56,8.6,1448.0,1383.0,44.0,2097.0,74.0,0.457,1.304,53.0,0.0,11.0,No
Chicago White Sox,44.0,44.0,24.0,272.0,9.0,1293.0,5611.0,0.256,3.3,388.0,533.0,6145.0,6.0,29.3,1093.0,2.0,10.0,5738.0,122.0,0.688,102.0,631.0,3.92,101.0,3.81,0.982,162.0,127.0,160.0,1458.0,162.0,162.0,162.0,8.3,73.0,51.0,1.0,149.0,166.0,1435.0,1330.0,9.0,15.0,1447.2,13029.0,81.0,1117.0,1110.0,0.31,0.698,97.0,6123.0,29.6,4343.0,4.23,4.43,4.43,654.0,686.0,717.0,-35.0,-2.0,-11.0,-59.0,-5.0,58.0,35.0,16.0,0.387,2.72,9.0,1269.0,1450.0,48.0,2172.0,81.0,0.5,1.287,64.0,1.0,14.0,No
Cincinnati Reds,66.0,65.0,38.0,235.0,18.0,1296.0,5380.0,0.235,3.9,452.0,612.0,6220.0,5.0,29.4,1095.0,1.0,33.0,5647.0,115.0,0.689,81.0,768.0,4.86,90.0,4.59,0.986,162.0,127.0,161.0,1458.0,162.0,162.0,162.0,8.6,92.0,110.0,1.3,156.0,213.0,1264.0,1366.0,6.0,21.0,1423.1,12810.0,100.0,1020.0,1152.0,0.304,0.676,85.0,5978.0,27.9,4270.0,4.0,5.03,5.03,618.0,648.0,815.0,-43.0,-1.0,0.0,-34.0,-3.0,58.0,33.0,12.0,0.372,2.31,8.9,1430.0,1414.0,31.0,2003.0,62.0,0.383,1.39,58.0,1.0,6.0,No
Cleveland Guardians,50.0,50.0,28.0,273.0,31.0,1443.0,5558.0,0.254,2.7,450.0,435.0,5989.0,2.0,25.9,1131.0,1.0,27.0,5908.0,127.0,0.709,97.0,560.0,3.46,109.0,3.75,0.984,162.0,119.0,161.0,1458.0,162.0,162.0,162.0,7.7,81.0,57.0,1.1,127.0,172.0,1410.0,1252.0,36.0,14.0,1456.0,13104.0,70.0,1156.0,1018.0,0.316,0.699,102.0,6163.0,26.3,4368.0,4.31,3.91,3.91,662.0,698.0,634.0,77.0,0.0,-2.0,45.0,4.0,119.0,52.0,22.0,0.383,3.2,8.6,1122.0,1390.0,51.0,2126.0,92.0,0.568,1.159,49.0,0.0,8.0,Yes
Colorado Rockies,43.0,43.0,25.0,280.0,34.0,1592.0,5540.0,0.254,3.4,453.0,539.0,6240.0,3.0,29.1,1128.0,1.0,20.0,5968.0,154.0,0.673,100.0,802.0,5.06,92.0,4.38,0.983,162.0,139.0,161.0,1458.0,162.0,162.0,162.0,9.6,61.0,59.0,1.2,149.0,184.0,1408.0,1516.0,10.0,12.0,1425.1,12828.0,94.0,1113.0,1110.0,0.315,0.713,91.0,6105.0,29.1,4276.0,4.31,5.39,5.39,669.0,698.0,873.0,6.0,0.0,-7.0,-43.0,-4.0,45.0,40.0,10.0,0.398,2.2,7.5,1330.0,1187.0,43.0,2203.0,68.0,0.42,1.442,65.0,1.0,6.0,No
Detroit Tigers,53.0,52.0,33.0,235.0,27.0,1404.0,5378.0,0.231,3.2,380.0,511.0,6047.0,2.0,27.9,1157.0,0.0,24.0,5757.0,137.0,0.701,94.0,637.0,4.04,97.0,4.16,0.984,162.0,108.0,162.0,1458.0,162.0,162.0,162.0,8.5,58.0,57.0,1.1,110.0,167.0,1240.0,1336.0,8.0,9.0,1419.2,12777.0,96.0,1015.0,1086.0,0.286,0.632,82.0,5870.0,27.5,4259.0,3.44,4.4,4.4,530.0,557.0,713.0,26.0,0.0,-1.0,9.0,1.0,47.0,44.0,10.0,0.346,2.34,7.6,1413.0,1195.0,38.0,1859.0,66.0,0.407,1.301,59.0,0.0,8.0,No
Houston Astros,45.0,44.0,22.0,284.0,13.0,1290.0,5409.0,0.248,2.9,528.0,458.0,5856.0,6.0,29.3,1140.0,3.0,22.0,5698.0,122.0,0.719,72.0,465.0,2.9,132.0,3.28,0.987,162.0,118.0,159.0,1458.0,162.0,162.0,162.0,7.0,60.0,60.0,0.8,214.0,134.0,1341.0,1121.0,18.0,6.0,1445.1,13008.0,56.0,1068.0,1017.0,0.319,0.743,111.0,6054.0,29.4,4336.0,4.55,3.2,3.2,715.0,737.0,518.0,67.0,0.0,3.0,45.0,4.0,83.0,42.0,9.0,0.424,3.33,9.5,1179.0,1524.0,53.0,2293.0,106.0,0.654,1.092,56.0,1.0,18.0,Yes
Kansas City Royals,55.0,55.0,33.0,247.0,38.0,1499.0,5437.0,0.244,3.7,460.0,589.0,6249.0,6.0,27.1,1109.0,0.0,34.0,5829.0,153.0,0.675,82.0,740.0,4.7,87.0,4.42,0.986,162.0,101.0,162.0,1458.0,162.0,162.0,162.0,9.5,48.0,71.0,1.1,138.0,173.0,1327.0,1493.0,7.0,15.0,1416.0,12744.0,97.0,1091.0,1204.0,0.306,0.686,93.0,6010.0,27.3,4248.0,3.95,5.0,5.0,613.0,640.0,810.0,-37.0,-1.0,1.0,-24.0,-2.0,104.0,44.0,20.0,0.38,2.02,7.6,1287.0,1191.0,33.0,2064.0,65.0,0.401,1.47,88.0,0.0,9.0,No
Los Angeles Angels,66.0,66.0,35.0,219.0,31.0,1382.0,5423.0,0.233,3.4,449.0,540.0,6038.0,3.0,27.9,1004.0,2.0,27.0,5773.0,134.0,0.709,84.0,601.0,3.77,107.0,3.96,0.985,162.0,95.0,160.0,1458.0,162.0,162.0,162.0,7.8,54.0,60.0,1.1,190.0,168.0,1265.0,1241.0,28.0,23.0,1435.2,12921.0,89.0,1050.0,1085.0,0.297,0.687,93.0,5977.0,27.4,4307.0,3.85,4.12,4.12,600.0,623.0,668.0,8.0,-1.0,-5.0,24.0,2.0,77.0,25.0,25.0,0.39,2.56,8.7,1539.0,1383.0,38.0,2116.0,73.0,0.451,1.241,64.0,2.0,17.0,No
Los Angeles Dodgers,51.0,51.0,31.0,325.0,31.0,1351.0,5526.0,0.257,2.5,607.0,407.0,5865.0,3.0,29.6,1135.0,1.0,18.0,5788.0,120.0,0.729,83.0,451.0,2.8,145.0,3.45,0.986,162.0,85.0,161.0,1458.0,162.0,162.0,162.0,6.9,56.0,75.0,0.9,212.0,152.0,1418.0,1114.0,22.0,13.0,1451.1,13062.0,51.0,1159.0,1015.0,0.333,0.775,115.0,6247.0,28.8,4354.0,5.23,3.17,3.17,812.0,847.0,513.0,84.0,2.0,3.0,68.0,6.0,98.0,53.0,3.0,0.442,3.6,9.1,1374.0,1465.0,43.0,2441.0,111.0,0.685,1.048,38.0,1.0,15.0,Yes
Miami Marlins,56.0,56.0,32.0,248.0,20.0,1460.0,5395.0,0.23,3.2,436.0,511.0,6056.0,3.0,28.9,1077.0,6.0,29.0,5841.0,143.0,0.694,69.0,617.0,3.86,107.0,3.9,0.988,162.0,120.0,156.0,1458.0,162.0,162.0,162.0,8.2,70.0,76.0,1.1,144.0,173.0,1241.0,1311.0,6.0,19.0,1437.1,12936.0,93.0,1045.0,1088.0,0.294,0.658,85.0,5949.0,27.6,4312.0,3.62,4.17,4.17,554.0,586.0,676.0,12.0,1.0,5.0,13.0,1.0,122.0,36.0,4.0,0.363,2.81,9.0,1429.0,1437.0,41.0,1961.0,69.0,0.426,1.268,54.0,1.0,10.0,No
Milwaukee Brewers,51.0,51.0,33.0,251.0,17.0,1419.0,5417.0,0.235,3.2,577.0,521.0,6057.0,4.0,29.1,1110.0,0.0,30.0,5848.0,122.0,0.704,91.0,615.0,3.83,106.0,3.92,0.984,162.0,117.0,162.0,1458.0,162.0,162.0,162.0,7.7,80.0,67.0,1.2,219.0,190.0,1271.0,1238.0,25.0,12.0,1446.0,13014.0,76.0,1102.0,1057.0,0.315,0.724,103.0,6122.0,28.6,4338.0,4.48,4.25,4.25,703.0,725.0,688.0,51.0,1.0,-1.0,-1.0,0.0,96.0,37.0,11.0,0.409,2.94,9.5,1464.0,1530.0,52.0,2213.0,86.0,0.531,1.216,47.0,0.0,11.0,No
Minnesota Twins,61.0,61.0,39.0,269.0,18.0,1307.0,5476.0,0.248,2.9,518.0,468.0,6042.0,4.0,26.9,1061.0,0.0,17.0,5701.0,121.0,0.702,83.0,636.0,3.98,99.0,4.03,0.985,162.0,133.0,162.0,1458.0,162.0,162.0,162.0,8.3,62.0,66.0,1.2,178.0,184.0,1356.0,1320.0,11.0,19.0,1437.0,12933.0,84.0,1126.0,1071.0,0.317,0.718,105.0,6113.0,28.9,4311.0,4.3,4.22,4.22,668.0,696.0,684.0,23.0,0.0,2.0,26.0,2.0,38.0,46.0,10.0,0.401,2.85,8.4,1353.0,1336.0,28.0,2195.0,78.0,0.481,1.244,50.0,0.0,17.0,No
New York Mets,61.0,59.0,33.0,272.0,27.0,1359.0,5489.0,0.259,2.7,510.0,428.0,5950.0,2.0,29.7,1103.0,0.0,22.0,5742.0,128.0,0.692,67.0,570.0,3.57,108.0,3.5,0.988,162.0,122.0,162.0,1458.0,162.0,162.0,162.0,8.0,112.0,71.0,1.1,171.0,169.0,1422.0,1274.0,25.0,13.0,1438.2,12948.0,61.0,1158.0,1041.0,0.332,0.744,113.0,6176.0,31.2,4316.0,4.77,3.74,3.74,735.0,772.0,606.0,11.0,0.0,6.0,-33.0,-3.0,62.0,44.0,20.0,0.412,3.66,9.8,1217.0,1565.0,41.0,2261.0,101.0,0.623,1.183,35.0,0.0,19.0,Yes
New York Yankees,54.0,54.0,33.0,225.0,8.0,1473.0,5422.0,0.241,2.8,620.0,444.0,5938.0,5.0,30.2,1092.0,1.0,33.0,5902.0,102.0,0.72,74.0,532.0,3.3,120.0,3.56,0.987,162.0,121.0,161.0,1458.0,162.0,162.0,162.0,7.3,70.0,65.0,1.0,254.0,157.0,1308.0,1177.0,36.0,10.0,1451.2,13065.0,63.0,1093.0,1047.0,0.325,0.751,112.0,6172.0,29.2,4355.0,4.98,3.5,3.5,764.0,807.0,567.0,129.0,1.0,4.0,69.0,6.0,102.0,41.0,14.0,0.426,3.29,9.0,1391.0,1459.0,47.0,2311.0,99.0,0.611,1.117,40.0,1.0,16.0,Yes
Oakland Athletics,64.0,64.0,35.0,249.0,15.0,1466.0,5314.0,0.216,3.2,433.0,503.0,6121.0,5.0,28.3,1036.0,0.0,23.0,5837.0,139.0,0.697,92.0,717.0,4.52,82.0,4.41,0.984,162.0,109.0,162.0,1458.0,162.0,162.0,162.0,8.8,59.0,72.0,1.2,137.0,195.0,1147.0,1394.0,7.0,37.0,1426.1,12837.0,102.0,969.0,1087.0,0.281,0.626,84.0,5863.0,28.0,4279.0,3.51,4.75,4.75,537.0,568.0,770.0,-29.0,0.0,-7.0,-43.0,-4.0,78.0,33.0,22.0,0.346,2.39,7.6,1389.0,1203.0,34.0,1837.0,60.0,0.37,1.33,62.0,0.0,7.0,No
Philadelphia Phillies,56.0,56.0,33.0,255.0,29.0,1416.0,5496.0,0.253,2.9,478.0,463.0,6006.0,3.0,28.1,1104.0,3.0,28.0,5770.0,129.0,0.687,69.0,630.0,3.97,101.0,3.6,0.988,162.0,116.0,159.0,1458.0,162.0,162.0,162.0,8.4,52.0,68.0,0.9,205.0,150.0,1392.0,1330.0,15.0,16.0,1428.1,12855.0,75.0,1075.0,1052.0,0.317,0.739,108.0,6077.0,29.2,4285.0,4.61,4.23,4.23,719.0,747.0,685.0,-34.0,0.0,0.0,-40.0,-4.0,105.0,44.0,6.0,0.422,3.07,9.0,1363.0,1423.0,42.0,2320.0,87.0,0.537,1.255,47.0,1.0,15.0,Yes
Pittsburgh Pirates,68.0,68.0,36.0,221.0,29.0,1507.0,5331.0,0.222,3.7,476.0,586.0,6263.0,5.0,26.3,1060.0,0.0,32.0,5891.0,152.0,0.677,121.0,735.0,4.66,88.0,4.27,0.979,162.0,96.0,162.0,1458.0,162.0,162.0,162.0,9.1,54.0,87.0,1.0,158.0,164.0,1186.0,1432.0,14.0,23.0,1421.0,12789.0,100.0,1016.0,1197.0,0.291,0.655,85.0,5912.0,27.3,4263.0,3.65,5.04,5.04,555.0,591.0,817.0,-1.0,0.0,3.0,-54.0,-5.0,89.0,32.0,19.0,0.364,2.13,7.9,1497.0,1250.0,33.0,1939.0,62.0,0.383,1.42,62.0,0.0,6.0,No
San Diego Padres,55.0,55.0,30.0,275.0,18.0,1362.0,5468.0,0.241,2.9,574.0,468.0,6047.0,5.0,28.2,1081.0,0.0,22.0,5768.0,116.0,0.705,76.0,611.0,3.81,100.0,3.82,0.987,162.0,95.0,162.0,1458.0,162.0,162.0,162.0,7.9,65.0,88.0,1.1,153.0,173.0,1317.0,1263.0,24.0,6.0,1443.1,12990.0,73.0,1174.0,1076.0,0.318,0.7,102.0,6175.0,30.3,4330.0,4.35,4.07,4.07,682.0,705.0,660.0,6.0,-2.0,0.0,-5.0,0.0,49.0,46.0,17.0,0.382,3.1,9.0,1327.0,1451.0,48.0,2087.0,89.0,0.549,1.199,54.0,0.0,15.0,Yes
Seattle Mariners,59.0,59.0,29.0,229.0,19.0,1317.0,5375.0,0.23,2.8,596.0,447.0,5986.0,0.0,27.5,1088.0,0.0,27.0,5727.0,114.0,0.71,69.0,577.0,3.59,104.0,3.9,0.988,162.0,120.0,162.0,1458.0,162.0,162.0,162.0,7.9,89.0,56.0,1.2,197.0,186.0,1236.0,1277.0,17.0,24.0,1447.0,13023.0,72.0,1129.0,1047.0,0.315,0.704,106.0,6117.0,27.9,4341.0,4.26,3.85,3.85,663.0,690.0,623.0,38.0,0.0,4.0,18.0,2.0,83.0,45.0,9.0,0.39,3.11,8.7,1397.0,1391.0,40.0,2094.0,90.0,0.556,1.191,45.0,0.0,10.0,Yes
San Francisco Giants,66.0,65.0,34.0,255.0,18.0,1546.0,5392.0,0.234,2.8,571.0,441.0,6070.0,2.0,30.0,870.0,1.0,16.0,5945.0,130.0,0.674,100.0,613.0,3.85,103.0,3.43,0.983,162.0,109.0,161.0,1458.0,162.0,162.0,162.0,8.8,95.0,52.0,0.8,183.0,132.0,1261.0,1397.0,14.0,16.0,1433.0,12897.0,81.0,1115.0,1090.0,0.315,0.705,100.0,6117.0,29.1,4299.0,4.42,4.3,4.3,683.0,716.0,697.0,-52.0,-1.0,5.0,-56.0,-5.0,64.0,53.0,6.0,0.39,3.11,8.6,1462.0,1370.0,39.0,2101.0,81.0,0.5,1.283,53.0,0.0,8.0,No
St. Louis Cardinals,51.0,51.0,32.0,290.0,21.0,1701.0,5496.0,0.252,3.1,537.0,489.0,6014.0,3.0,28.8,1041.0,3.0,25.0,6074.0,181.0,0.702,66.0,605.0,3.79,104.0,3.94,0.989,162.0,112.0,159.0,1458.0,162.0,162.0,162.0,8.4,80.0,60.0,0.9,197.0,146.0,1386.0,1335.0,11.0,11.0,1435.2,12921.0,69.0,1132.0,1088.0,0.325,0.745,112.0,6165.0,29.4,4307.0,4.77,3.93,3.93,739.0,772.0,637.0,70.0,5.0,10.0,46.0,4.0,95.0,45.0,5.0,0.42,2.41,7.4,1226.0,1177.0,37.0,2309.0,93.0,0.574,1.27,43.0,1.0,17.0,Yes
Tampa Bay Rays,61.0,61.0,40.0,296.0,17.0,1386.0,5412.0,0.239,2.4,500.0,384.0,5930.0,4.0,27.0,1067.0,0.0,37.0,5777.0,110.0,0.708,84.0,544.0,3.41,108.0,3.68,0.985,162.0,93.0,162.0,1458.0,162.0,162.0,162.0,7.9,57.0,66.0,1.1,139.0,172.0,1294.0,1260.0,13.0,15.0,1435.2,12921.0,76.0,1074.0,1038.0,0.309,0.686,99.0,6008.0,29.1,4307.0,4.11,3.79,3.79,634.0,666.0,614.0,14.0,0.0,-6.0,6.0,1.0,95.0,31.0,7.0,0.377,3.6,8.7,1395.0,1384.0,44.0,2041.0,86.0,0.531,1.145,54.0,0.0,10.0,Yes
Texas Rangers,55.0,55.0,31.0,224.0,20.0,1528.0,5478.0,0.239,3.6,456.0,581.0,6167.0,7.0,28.0,1137.0,1.0,41.0,5929.0,143.0,0.693,96.0,673.0,4.22,95.0,4.17,0.984,162.0,82.0,161.0,1458.0,162.0,162.0,162.0,8.4,47.0,71.0,1.1,198.0,169.0,1308.0,1345.0,12.0,16.0,1435.0,12915.0,94.0,1007.0,1140.0,0.301,0.696,96.0,6029.0,28.3,4305.0,4.36,4.59,4.59,670.0,707.0,743.0,3.0,0.0,-10.0,1.0,0.0,128.0,38.0,10.0,0.395,2.26,8.2,1446.0,1314.0,37.0,2166.0,68.0,0.42,1.342,66.0,1.0,10.0,No
Toronto Blue Jays,51.0,51.0,33.0,307.0,12.0,1348.0,5555.0,0.264,2.6,500.0,424.0,6053.0,5.0,27.1,1065.0,0.0,35.0,5754.0,120.0,0.691,82.0,620.0,3.87,100.0,3.85,0.986,162.0,136.0,162.0,1458.0,162.0,162.0,162.0,8.5,55.0,76.0,1.1,200.0,180.0,1464.0,1356.0,13.0,15.0,1441.1,12972.0,70.0,1111.0,1069.0,0.329,0.76,117.0,6158.0,29.7,4324.0,4.78,4.19,4.19,756.0,775.0,679.0,43.0,0.0,4.0,7.0,1.0,67.0,33.0,8.0,0.431,3.28,8.7,1242.0,1390.0,46.0,2395.0,92.0,0.568,1.235,29.0,0.0,10.0,Yes
Washington Nationals,55.0,54.0,36.0,252.0,20.0,1410.0,5434.0,0.249,3.6,442.0,558.0,6220.0,2.0,28.7,1163.0,2.0,31.0,5749.0,126.0,0.687,104.0,785.0,5.0,79.0,4.98,0.982,162.0,141.0,160.0,1458.0,162.0,162.0,162.0,9.4,60.0,75.0,1.6,136.0,244.0,1351.0,1469.0,12.0,12.0,1411.2,12705.0,107.0,1099.0,1143.0,0.31,0.688,98.0,5998.0,29.7,4235.0,3.72,5.28,5.28,579.0,603.0,855.0,-47.0,-1.0,-7.0,-43.0,-4.0,75.0,37.0,20.0,0.377,2.19,7.8,1221.0,1220.0,28.0,2051.0,55.0,0.34,1.436,59.0,0.0,4.0,No
Arizona Diamondbacks,54.0,53.0,34.0,274.0,44.0,1399.0,5436.0,0.25,3.3,540.0,525.0,6100.0,8.0,27.4,1071.0,1.0,26.0,5761.0,134.0,0.695,56.0,714.0,4.48,97.0,4.35,0.99,162.0,121.0,161.0,1458.0,162.0,162.0,162.0,8.6,58.0,48.0,1.2,166.0,197.0,1359.0,1375.0,11.0,13.0,1435.1,12918.0,78.0,1091.0,1050.0,0.322,0.73,99.0,6124.0,28.5,4306.0,4.6,4.7,4.7,706.0,746.0,761.0,46.0,0.0,9.0,43.0,4.0,166.0,50.0,36.0,0.408,2.57,8.5,1247.0,1351.0,44.0,2219.0,84.0,0.519,1.324,40.0,1.0,9.0,Yes
Atlanta Braves,53.0,51.0,33.0,293.0,23.0,1339.0,5597.0,0.276,3.3,538.0,534.0,6135.0,8.0,27.9,1210.0,1.0,27.0,5741.0,133.0,0.685,82.0,662.0,4.14,107.0,4.1,0.986,162.0,128.0,161.0,1458.0,162.0,162.0,162.0,8.4,67.0,70.0,1.2,307.0,187.0,1543.0,1341.0,20.0,14.0,1440.0,12960.0,58.0,1062.0,1112.0,0.344,0.845,125.0,6249.0,29.9,4320.0,5.85,4.42,4.42,916.0,947.0,716.0,16.0,0.0,2.0,21.0,2.0,132.0,43.0,2.0,0.501,2.84,9.5,1289.0,1516.0,52.0,2803.0,104.0,0.642,1.302,56.0,1.0,15.0,Yes
Baltimore Orioles,50.0,50.0,31.0,309.0,28.0,1444.0,5495.0,0.255,2.9,512.0,473.0,6098.0,7.0,27.2,991.0,0.0,24.0,5876.0,140.0,0.696,71.0,629.0,3.89,105.0,3.98,0.988,162.0,114.0,162.0,1458.0,162.0,162.0,162.0,8.3,45.0,63.0,1.1,183.0,177.0,1399.0,1334.0,14.0,16.0,1453.2,13083.0,61.0,1041.0,1080.0,0.321,0.742,107.0,6123.0,28.4,4361.0,4.98,4.19,4.19,780.0,807.0,678.0,34.0,0.0,-3.0,37.0,3.0,114.0,47.0,21.0,0.421,3.03,8.9,1370.0,1431.0,49.0,2313.0,101.0,0.623,1.243,64.0,0.0,12.0,Yes
Boston Red Sox,56.0,56.0,33.0,339.0,19.0,1429.0,5562.0,0.258,3.1,486.0,497.0,6168.0,4.0,28.6,1059.0,0.0,26.0,5821.0,137.0,0.677,102.0,718.0,4.52,100.0,4.37,0.982,162.0,118.0,162.0,1458.0,162.0,162.0,162.0,8.9,71.0,83.0,1.3,182.0,208.0,1437.0,1416.0,15.0,21.0,1430.0,12870.0,84.0,1117.0,1117.0,0.324,0.748,101.0,6174.0,30.0,4290.0,4.77,4.79,4.79,734.0,772.0,776.0,-20.0,-2.0,-2.0,-17.0,-2.0,112.0,35.0,11.0,0.424,2.86,9.0,1372.0,1423.0,43.0,2360.0,78.0,0.481,1.338,49.0,0.0,5.0,No
Chicago Cubs,48.0,48.0,27.0,269.0,30.0,1490.0,5504.0,0.254,3.2,570.0,513.0,6085.0,6.0,28.4,1130.0,1.0,34.0,5888.0,137.0,0.694,92.0,651.0,4.08,109.0,4.16,0.984,162.0,95.0,161.0,1458.0,162.0,162.0,162.0,8.3,77.0,64.0,1.1,196.0,179.0,1399.0,1328.0,11.0,5.0,1435.1,12918.0,79.0,1127.0,1073.0,0.33,0.751,102.0,6220.0,29.6,4306.0,5.06,4.46,4.46,786.0,819.0,723.0,36.0,0.0,1.0,9.0,1.0,140.0,52.0,15.0,0.421,2.68,8.6,1391.0,1377.0,35.0,2316.0,83.0,0.512,1.283,57.0,1.0,13.0,No
Chicago White Sox,56.0,56.0,32.0,264.0,13.0,1249.0,5501.0,0.238,4.1,377.0,654.0,6301.0,9.0,27.8,1088.0,2.0,22.0,5639.0,117.0,0.685,95.0,774.0,4.87,91.0,4.71,0.983,162.0,122.0,160.0,1458.0,162.0,162.0,162.0,8.6,52.0,91.0,1.3,171.0,214.0,1308.0,1372.0,19.0,14.0,1431.2,12885.0,101.0,1009.0,1189.0,0.291,0.675,84.0,5980.0,29.2,4295.0,3.96,5.19,5.19,617.0,641.0,841.0,-59.0,-4.0,-11.0,-50.0,-5.0,86.0,29.0,16.0,0.384,2.25,9.2,1424.0,1470.0,28.0,2111.0,61.0,0.377,1.415,65.0,0.0,7.0,No
Cincinnati Reds,65.0,65.0,40.0,268.0,37.0,1283.0,5499.0,0.249,3.8,556.0,613.0,6310.0,7.0,26.8,989.0,0.0,48.0,5692.0,125.0,0.685,91.0,772.0,4.83,94.0,4.79,0.984,162.0,101.0,162.0,1458.0,162.0,162.0,162.0,8.9,92.0,81.0,1.4,198.0,222.0,1371.0,1426.0,8.0,13.0,1439.1,12954.0,80.0,1107.0,1189.0,0.327,0.746,100.0,6195.0,27.7,4318.0,4.83,5.07,5.07,747.0,783.0,821.0,-38.0,-1.0,1.0,-13.0,-1.0,190.0,29.0,19.0,0.42,2.25,8.6,1500.0,1381.0,53.0,2307.0,82.0,0.506,1.417,48.0,0.0,6.0,No
Cleveland Guardians,50.0,50.0,29.0,294.0,29.0,1418.0,5513.0,0.25,3.3,471.0,534.0,6144.0,10.0,26.6,1127.0,1.0,36.0,5833.0,119.0,0.698,83.0,635.0,3.96,106.0,4.21,0.986,162.0,108.0,161.0,1458.0,162.0,162.0,162.0,8.4,55.0,51.0,1.1,124.0,173.0,1379.0,1352.0,40.0,9.0,1444.0,12996.0,86.0,1121.0,1143.0,0.313,0.695,93.0,6096.0,26.1,4332.0,4.09,4.3,4.3,622.0,662.0,697.0,24.0,0.0,3.0,-5.0,0.0,151.0,44.0,13.0,0.381,2.46,8.2,1142.0,1311.0,47.0,2103.0,76.0,0.469,1.306,61.0,0.0,13.0,No
Colorado Rockies,57.0,57.0,34.0,305.0,31.0,1516.0,5496.0,0.249,3.7,447.0,586.0,6316.0,7.0,28.1,1146.0,0.0,25.0,5839.0,169.0,0.67,81.0,891.0,5.67,88.0,5.24,0.986,162.0,124.0,162.0,1458.0,162.0,162.0,162.0,10.2,59.0,86.0,1.5,163.0,234.0,1368.0,1599.0,8.0,13.0,1414.0,12726.0,103.0,1038.0,1129.0,0.31,0.715,85.0,6055.0,29.7,4242.0,4.45,5.91,5.91,685.0,721.0,957.0,20.0,0.0,-1.0,5.0,0.0,76.0,41.0,11.0,0.405,1.93,7.2,1543.0,1129.0,32.0,2224.0,59.0,0.364,1.545,51.0,0.0,6.0,No
Detroit Tigers,51.0,50.0,32.0,245.0,29.0,1403.0,5478.0,0.236,3.0,508.0,476.0,6073.0,5.0,27.4,991.0,0.0,23.0,5830.0,129.0,0.699,100.0,680.0,4.24,105.0,4.13,0.983,162.0,107.0,162.0,1458.0,162.0,162.0,162.0,8.2,49.0,50.0,1.2,165.0,187.0,1292.0,1320.0,10.0,8.0,1442.1,12981.0,84.0,1103.0,1027.0,0.305,0.686,87.0,6080.0,27.7,4327.0,4.08,4.57,4.57,635.0,661.0,740.0,22.0,0.0,1.0,32.0,3.0,85.0,31.0,13.0,0.382,2.89,8.6,1473.0,1374.0,41.0,2090.0,78.0,0.481,1.245,51.0,0.0,15.0,No
Houston Astros,41.0,41.0,24.0,280.0,22.0,1346.0,5567.0,0.259,3.3,550.0,537.0,6110.0,5.0,28.8,1164.0,2.0,32.0,5763.0,144.0,0.697,81.0,632.0,3.94,107.0,4.31,0.986,162.0,124.0,160.0,1458.0,162.0,162.0,162.0,8.2,72.0,75.0,1.3,222.0,201.0,1441.0,1312.0,17.0,6.0,1445.1,13008.0,72.0,1134.0,1091.0,0.331,0.768,111.0,6253.0,29.2,4336.0,5.1,4.31,4.31,799.0,827.0,698.0,15.0,0.0,5.0,33.0,3.0,107.0,40.0,14.0,0.437,2.72,9.1,1241.0,1460.0,42.0,2431.0,90.0,0.556,1.279,37.0,2.0,7.0,Yes
Kansas City Royals,58.0,58.0,36.0,258.0,43.0,1391.0,5428.0,0.244,3.5,411.0,553.0,6139.0,6.0,26.3,1081.0,3.0,47.0,5698.0,123.0,0.685,80.0,809.0,5.17,87.0,4.7,0.986,162.0,96.0,159.0,1458.0,162.0,162.0,162.0,9.1,71.0,73.0,1.3,163.0,207.0,1325.0,1429.0,12.0,8.0,1409.0,12681.0,106.0,1009.0,1060.0,0.303,0.7,90.0,5985.0,29.1,4227.0,4.17,5.3,5.3,651.0,676.0,859.0,-15.0,0.0,3.0,-19.0,-2.0,163.0,58.0,14.0,0.398,2.3,8.1,1396.0,1270.0,28.0,2158.0,56.0,0.346,1.407,67.0,0.0,6.0,No
Los Angeles Angels,66.0,66.0,39.0,248.0,26.0,1284.0,5489.0,0.245,4.0,518.0,636.0,6305.0,8.0,28.6,1059.0,1.0,31.0,5674.0,124.0,0.682,95.0,738.0,4.64,98.0,4.65,0.983,162.0,117.0,161.0,1458.0,162.0,162.0,162.0,8.8,79.0,88.0,1.3,231.0,209.0,1346.0,1394.0,27.0,41.0,1431.2,12885.0,89.0,1102.0,1199.0,0.317,0.743,100.0,6145.0,28.0,4295.0,4.56,5.12,5.12,708.0,739.0,829.0,1.0,0.0,-6.0,-66.0,-6.0,72.0,46.0,8.0,0.426,2.27,9.1,1524.0,1445.0,43.0,2339.0,73.0,0.451,1.418,70.0,1.0,9.0,No
Los Angeles Dodgers,58.0,58.0,39.0,303.0,20.0,1406.0,5524.0,0.257,2.8,644.0,454.0,6018.0,4.0,30.9,985.0,0.0,25.0,5821.0,139.0,0.709,76.0,652.0,4.06,109.0,4.23,0.987,162.0,98.0,162.0,1458.0,162.0,162.0,162.0,8.0,85.0,73.0,1.2,249.0,200.0,1422.0,1284.0,29.0,20.0,1446.1,13017.0,62.0,1163.0,1000.0,0.34,0.795,113.0,6333.0,28.1,4339.0,5.59,4.31,4.31,877.0,906.0,699.0,57.0,0.0,-2.0,42.0,4.0,105.0,69.0,5.0,0.455,3.06,8.6,1359.0,1388.0,44.0,2512.0,100.0,0.617,1.202,49.0,0.0,15.0,Yes
Miami Marlins,52.0,52.0,32.0,258.0,23.0,1412.0,5497.0,0.259,3.2,430.0,514.0,6091.0,9.0,29.4,1061.0,3.0,21.0,5816.0,144.0,0.683,98.0,672.0,4.21,110.0,4.13,0.983,162.0,159.0,159.0,1458.0,162.0,162.0,162.0,8.4,50.0,71.0,1.2,166.0,191.0,1423.0,1340.0,23.0,20.0,1435.1,12918.0,78.0,1097.0,1081.0,0.316,0.721,92.0,6043.0,27.6,4306.0,4.11,4.46,4.46,633.0,666.0,723.0,-11.0,0.0,8.0,-24.0,-2.0,86.0,38.0,22.0,0.405,2.9,9.3,1287.0,1490.0,43.0,2225.0,84.0,0.519,1.292,38.0,1.0,9.0,Yes
Milwaukee Brewers,58.0,58.0,34.0,257.0,16.0,1407.0,5386.0,0.24,3.1,591.0,493.0,5990.0,8.0,27.7,1059.0,1.0,28.0,5813.0,117.0,0.719,77.0,595.0,3.71,120.0,4.21,0.987,162.0,144.0,161.0,1458.0,162.0,162.0,162.0,7.6,58.0,60.0,1.2,165.0,198.0,1290.0,1218.0,15.0,7.0,1443.0,12987.0,70.0,1075.0,1036.0,0.319,0.704,90.0,6084.0,29.3,4329.0,4.49,3.99,3.99,696.0,728.0,647.0,68.0,4.0,5.0,58.0,5.0,129.0,39.0,7.0,0.385,2.89,8.9,1412.0,1425.0,46.0,2074.0,92.0,0.568,1.186,54.0,1.0,16.0,Yes
Minnesota Twins,48.0,47.0,29.0,264.0,24.0,1286.0,5489.0,0.243,2.7,594.0,443.0,6028.0,1.0,28.6,924.0,2.0,18.0,5706.0,116.0,0.697,66.0,624.0,3.87,110.0,3.89,0.988,162.0,119.0,160.0,1458.0,162.0,162.0,162.0,8.0,92.0,63.0,1.2,233.0,194.0,1336.0,1294.0,13.0,16.0,1451.1,13062.0,75.0,1138.0,1046.0,0.326,0.753,107.0,6219.0,29.0,4354.0,4.8,4.07,4.07,745.0,778.0,659.0,33.0,0.0,2.0,-3.0,0.0,86.0,32.0,12.0,0.428,3.52,9.7,1654.0,1560.0,38.0,2347.0,87.0,0.537,1.197,51.0,2.0,12.0,Yes
New York Mets,59.0,58.0,37.0,221.0,21.0,1394.0,5363.0,0.238,3.8,525.0,595.0,6115.0,8.0,28.9,1119.0,1.0,15.0,5731.0,142.0,0.689,88.0,676.0,4.3,97.0,4.47,0.985,162.0,105.0,161.0,1458.0,162.0,162.0,162.0,8.5,107.0,85.0,1.2,215.0,190.0,1276.0,1331.0,11.0,13.0,1416.1,12747.0,87.0,1082.0,1147.0,0.316,0.723,100.0,6056.0,31.9,4249.0,4.43,4.5,4.5,692.0,717.0,729.0,-25.0,-1.0,3.0,-38.0,-4.0,118.0,38.0,19.0,0.407,2.35,8.9,1331.0,1397.0,34.0,2184.0,75.0,0.463,1.36,59.0,0.0,7.0,No
New York Yankees,54.0,54.0,32.0,221.0,15.0,1427.0,5323.0,0.227,3.2,557.0,508.0,6078.0,15.0,28.5,1108.0,3.0,30.0,5842.0,113.0,0.704,96.0,635.0,3.97,111.0,4.25,0.984,162.0,119.0,159.0,1458.0,162.0,162.0,162.0,8.0,47.0,85.0,1.2,219.0,195.0,1207.0,1272.0,18.0,6.0,1439.2,12957.0,80.0,1007.0,1080.0,0.304,0.701,90.0,5973.0,29.1,4319.0,4.15,4.31,4.31,650.0,673.0,698.0,27.0,1.0,-9.0,22.0,2.0,100.0,36.0,9.0,0.397,2.83,9.0,1427.0,1439.0,44.0,2115.0,82.0,0.506,1.236,60.0,3.0,8.0,No
Oakland Athletics,62.0,62.0,41.0,225.0,21.0,1269.0,5311.0,0.223,4.4,498.0,694.0,6384.0,4.0,27.1,1046.0,0.0,31.0,5630.0,124.0,0.678,102.0,865.0,5.48,77.0,5.05,0.982,162.0,125.0,162.0,1458.0,162.0,162.0,162.0,9.3,85.0,100.0,1.4,171.0,213.0,1187.0,1464.0,12.0,33.0,1419.2,12777.0,112.0,1043.0,1219.0,0.298,0.669,88.0,5966.0,28.0,4259.0,3.61,5.7,5.7,563.0,585.0,924.0,-79.0,-1.0,-13.0,-60.0,-6.0,149.0,36.0,28.0,0.37,1.87,8.2,1496.0,1300.0,29.0,1967.0,50.0,0.309,1.52,76.0,0.0,5.0,No
Philadelphia Phillies,44.0,44.0,26.0,291.0,29.0,1385.0,5541.0,0.256,2.9,539.0,470.0,6074.0,7.0,28.4,1104.0,1.0,26.0,5803.0,117.0,0.695,91.0,646.0,4.03,108.0,4.0,0.984,162.0,110.0,161.0,1458.0,162.0,162.0,162.0,8.2,69.0,54.0,1.2,220.0,185.0,1417.0,1318.0,22.0,6.0,1442.1,12981.0,72.0,1123.0,1056.0,0.327,0.765,106.0,6207.0,29.8,4327.0,4.91,4.41,4.41,771.0,796.0,715.0,-30.0,0.0,6.0,1.0,0.0,141.0,42.0,13.0,0.438,3.09,9.1,1481.0,1454.0,45.0,2426.0,90.0,0.556,1.24,35.0,1.0,4.0,Yes
Pittsburgh Pirates,58.0,58.0,30.0,287.0,31.0,1403.0,5406.0,0.239,3.8,556.0,596.0,6238.0,7.0,27.3,996.0,2.0,41.0,5784.0,135.0,0.686,91.0,731.0,4.6,97.0,4.4,0.984,162.0,92.0,160.0,1458.0,162.0,162.0,162.0,8.7,58.0,81.0,1.1,159.0,179.0,1293.0,1380.0,9.0,25.0,1430.0,12870.0,86.0,1111.0,1171.0,0.315,0.707,91.0,6089.0,27.6,4290.0,4.27,4.88,4.88,662.0,692.0,790.0,3.0,1.0,-5.0,-24.0,-2.0,117.0,43.0,25.0,0.392,2.29,8.6,1464.0,1363.0,47.0,2119.0,76.0,0.469,1.382,57.0,2.0,10.0,No
San Diego Padres,56.0,55.0,30.0,273.0,14.0,1444.0,5401.0,0.244,3.5,653.0,557.0,6082.0,7.0,28.4,1142.0,0.0,32.0,5840.0,130.0,0.702,73.0,598.0,3.73,112.0,4.14,0.988,162.0,134.0,162.0,1458.0,162.0,162.0,162.0,7.9,57.0,76.0,1.1,205.0,174.0,1316.0,1270.0,16.0,14.0,1441.0,12969.0,80.0,1144.0,1131.0,0.329,0.742,105.0,6180.0,30.7,4323.0,4.64,4.0,4.0,719.0,752.0,648.0,40.0,0.0,3.0,44.0,4.0,137.0,44.0,22.0,0.413,2.59,9.0,1311.0,1445.0,36.0,2232.0,82.0,0.506,1.268,48.0,0.0,16.0,No
Seattle Mariners,56.0,55.0,35.0,283.0,12.0,1379.0,5500.0,0.242,2.6,548.0,421.0,6006.0,4.0,27.8,1148.0,2.0,30.0,5800.0,123.0,0.7,73.0,602.0,3.74,109.0,3.88,0.987,162.0,95.0,160.0,1458.0,162.0,162.0,162.0,8.1,111.0,57.0,1.1,210.0,184.0,1332.0,1300.0,14.0,22.0,1449.1,13044.0,74.0,1144.0,1026.0,0.321,0.734,106.0,6201.0,27.4,4348.0,4.68,4.07,4.07,728.0,758.0,659.0,15.0,0.0,5.0,12.0,1.0,118.0,37.0,4.0,0.413,3.47,9.1,1603.0,1459.0,44.0,2269.0,88.0,0.543,1.187,41.0,1.0,18.0,No
San Francisco Giants,52.0,51.0,24.0,256.0,13.0,1606.0,5412.0,0.235,2.5,544.0,403.0,6039.0,12.0,28.4,965.0,4.0,16.0,6027.0,143.0,0.679,117.0,641.0,4.02,104.0,3.92,0.981,162.0,116.0,158.0,1458.0,162.0,162.0,162.0,8.8,81.0,71.0,1.1,174.0,173.0,1271.0,1395.0,19.0,22.0,1434.2,12912.0,83.0,1130.0,1038.0,0.312,0.695,93.0,6095.0,30.0,4304.0,4.16,4.44,4.44,651.0,674.0,719.0,-15.0,0.0,-9.0,-24.0,-2.0,57.0,39.0,17.0,0.383,3.37,8.5,1492.0,1359.0,50.0,2075.0,79.0,0.488,1.253,60.0,2.0,11.0,No
St. Louis Cardinals,52.0,52.0,28.0,264.0,12.0,1592.0,5510.0,0.25,3.3,570.0,530.0,6273.0,7.0,27.5,1109.0,0.0,29.0,5944.0,154.0,0.67,67.0,760.0,4.79,91.0,4.43,0.989,162.0,122.0,162.0,1458.0,162.0,162.0,162.0,9.8,70.0,63.0,1.1,209.0,179.0,1376.0,1549.0,17.0,6.0,1428.1,12855.0,91.0,1183.0,1172.0,0.326,0.742,101.0,6204.0,29.7,4285.0,4.44,5.12,5.12,697.0,719.0,829.0,-7.0,-2.0,3.0,-54.0,-5.0,101.0,37.0,13.0,0.416,2.29,7.7,1326.0,1215.0,36.0,2291.0,71.0,0.438,1.456,62.0,0.0,10.0,No
Tampa Bay Rays,58.0,58.0,40.0,282.0,24.0,1401.0,5511.0,0.26,2.7,514.0,439.0,5994.0,1.0,26.8,1107.0,0.0,41.0,5802.0,114.0,0.703,75.0,618.0,3.86,108.0,3.8,0.987,162.0,109.0,162.0,1458.0,162.0,162.0,162.0,7.9,95.0,63.0,1.1,230.0,177.0,1432.0,1258.0,7.0,10.0,1442.0,12978.0,63.0,1047.0,1019.0,0.331,0.776,114.0,6164.0,28.5,4326.0,5.31,4.1,4.1,827.0,860.0,665.0,25.0,0.0,-10.0,29.0,3.0,160.0,38.0,6.0,0.445,3.43,9.4,1420.0,1507.0,45.0,2452.0,99.0,0.611,1.177,65.0,0.0,14.0,Yes
Texas Rangers,48.0,48.0,31.0,326.0,18.0,1423.0,5595.0,0.263,3.1,599.0,491.0,6025.0,4.0,28.3,1109.0,3.0,19.0,5789.0,143.0,0.703,57.0,683.0,4.28,101.0,4.31,0.99,162.0,103.0,159.0,1458.0,162.0,162.0,162.0,8.3,53.0,59.0,1.2,233.0,198.0,1470.0,1330.0,17.0,19.0,1436.1,12927.0,72.0,1164.0,1016.0,0.337,0.79,116.0,6306.0,30.4,4309.0,5.44,4.42,4.42,845.0,881.0,716.0,35.0,0.0,-1.0,36.0,3.0,79.0,47.0,10.0,0.452,2.75,8.5,1416.0,1351.0,30.0,2531.0,90.0,0.556,1.268,46.0,1.0,13.0,Yes
Toronto Blue Jays,46.0,46.0,27.0,292.0,19.0,1307.0,5562.0,0.256,3.0,550.0,488.0,6100.0,12.0,28.8,1084.0,1.0,34.0,5733.0,125.0,0.693,71.0,610.0,3.78,113.0,4.06,0.988,162.0,129.0,161.0,1458.0,162.0,162.0,162.0,8.2,69.0,62.0,1.2,188.0,198.0,1423.0,1326.0,14.0,29.0,1451.2,13065.0,73.0,1170.0,1100.0,0.329,0.745,105.0,6220.0,30.6,4355.0,4.6,4.14,4.14,705.0,746.0,671.0,85.0,0.0,3.0,21.0,2.0,99.0,32.0,4.0,0.417,3.13,9.5,1303.0,1528.0,51.0,2317.0,89.0,0.549,1.25,42.0,1.0,15.0,Yes
Washington Nationals,48.0,48.0,28.0,279.0,26.0,1505.0,5522.0,0.254,3.7,423.0,592.0,6285.0,8.0,26.8,1148.0,0.0,29.0,5880.0,158.0,0.682,90.0,797.0,5.02,85.0,5.15,0.985,162.0,112.0,162.0,1458.0,162.0,162.0,162.0,9.5,78.0,66.0,1.5,151.0,245.0,1401.0,1512.0,6.0,25.0,1428.1,12855.0,91.0,1082.0,1167.0,0.314,0.709,96.0,6085.0,28.0,4285.0,4.32,5.22,5.22,665.0,700.0,845.0,-30.0,0.0,-4.0,-29.0,-3.0,127.0,38.0,20.0,0.396,2.07,7.7,1149.0,1225.0,42.0,2185.0,71.0,0.438,1.473,54.0,0.0,3.0,No
